query_id,explicit_subset,gold_citation,gold_family,likely_statute_family,predicted_family_consistent,gold_in_fused_top200,gold_fused_rank,gold_in_rerank_input,gold_rerank_input_rank,gold_rank_after_rerank,gold_in_final_cut,gold_in_final_predictions,gold_drop_stage,secondary_loss_tags,dynamic_mode,fixed_top_k,rule_laws_exact_count,rule_laws_exact_citations,rule_exact_gold_hit,rule_exact_spurious_count,final_predictions
val_001,1,Art. 221 Abs. 1 StPO,STPO,STPO;STGB,1,1,19,1,19,4,1,1,kept_final,,fixed_top_k,5,1,Art. 221 Abs. 1 StPO,1,0,Art. 221 Abs. 1 StPO;Art. 10 Abs. 5 173.712.22;Art. 10 Abs. 3 173.712.22;Art. 10 Abs. 4 173.712.22;Art. 130 StPO
val_001,1,Art. 140 Abs. 1 StGB,STGB,STPO;STGB,1,0,-1,0,-1,-1,0,0,not_in_rerank_input,not_in_fused,fixed_top_k,5,1,Art. 221 Abs. 1 StPO,1,0,Art. 221 Abs. 1 StPO;Art. 10 Abs. 5 173.712.22;Art. 10 Abs. 3 173.712.22;Art. 10 Abs. 4 173.712.22;Art. 130 StPO
val_001,1,Art. 396 Abs. 1 StPO,STPO,STPO;STGB,1,0,-1,0,-1,-1,0,0,not_in_rerank_input,not_in_fused,fixed_top_k,5,1,Art. 221 Abs. 1 StPO,1,0,Art. 221 Abs. 1 StPO;Art. 10 Abs. 5 173.712.22;Art. 10 Abs. 3 173.712.22;Art. 10 Abs. 4 173.712.22;Art. 130 StPO
val_001,1,Art. 222 StPO,STPO,STPO;STGB,1,1,119,1,119,186,0,0,reranked_too_low,cut_by_fixed_top_k,fixed_top_k,5,1,Art. 221 Abs. 1 StPO,1,0,Art. 221 Abs. 1 StPO;Art. 10 Abs. 5 173.712.22;Art. 10 Abs. 3 173.712.22;Art. 10 Abs. 4 173.712.22;Art. 130 StPO
val_001,1,Art. 393 Abs. 1 StPO,STPO,STPO;STGB,1,0,-1,0,-1,-1,0,0,not_in_rerank_input,not_in_fused,fixed_top_k,5,1,Art. 221 Abs. 1 StPO,1,0,Art. 221 Abs. 1 StPO;Art. 10 Abs. 5 173.712.22;Art. 10 Abs. 3 173.712.22;Art. 10 Abs. 4 173.712.22;Art. 130 StPO
val_001,1,Art. 382 Abs. 1 StPO,STPO,STPO;STGB,1,0,-1,0,-1,-1,0,0,not_in_rerank_input,not_in_fused,fixed_top_k,5,1,Art. 221 Abs. 1 StPO,1,0,Art. 221 Abs. 1 StPO;Art. 10 Abs. 5 173.712.22;Art. 10 Abs. 3 173.712.22;Art. 10 Abs. 4 173.712.22;Art. 130 StPO
val_001,1,Art. 385 Abs. 1 StPO,STPO,STPO;STGB,1,0,-1,0,-1,-1,0,0,not_in_rerank_input,not_in_fused,fixed_top_k,5,1,Art. 221 Abs. 1 StPO,1,0,Art. 221 Abs. 1 StPO;Art. 10 Abs. 5 173.712.22;Art. 10 Abs. 3 173.712.22;Art. 10 Abs. 4 173.712.22;Art. 130 StPO
val_001,1,Art. 221 Abs. 2 StPO,STPO,STPO;STGB,1,1,23,1,23,45,0,0,reranked_too_low,cut_by_fixed_top_k,fixed_top_k,5,1,Art. 221 Abs. 1 StPO,1,0,Art. 221 Abs. 1 StPO;Art. 10 Abs. 5 173.712.22;Art. 10 Abs. 3 173.712.22;Art. 10 Abs. 4 173.712.22;Art. 130 StPO
val_001,1,Art. 227 Abs. 1 StPO,STPO,STPO;STGB,1,0,-1,0,-1,-1,0,0,not_in_rerank_input,not_in_fused,fixed_top_k,5,1,Art. 221 Abs. 1 StPO,1,0,Art. 221 Abs. 1 StPO;Art. 10 Abs. 5 173.712.22;Art. 10 Abs. 3 173.712.22;Art. 10 Abs. 4 173.712.22;Art. 130 StPO
val_001,1,Art. 212 Abs. 3 StPO,STPO,STPO;STGB,1,0,-1,0,-1,-1,0,0,not_in_rerank_input,not_in_fused,fixed_top_k,5,1,Art. 221 Abs. 1 StPO,1,0,Art. 221 Abs. 1 StPO;Art. 10 Abs. 5 173.712.22;Art. 10 Abs. 3 173.712.22;Art. 10 Abs. 4 173.712.22;Art. 130 StPO
val_001,1,Art. 390 Abs. 2 StPO,STPO,STPO;STGB,1,0,-1,0,-1,-1,0,0,not_in_rerank_input,not_in_fused,fixed_top_k,5,1,Art. 221 Abs. 1 StPO,1,0,Art. 221 Abs. 1 StPO;Art. 10 Abs. 5 173.712.22;Art. 10 Abs. 3 173.712.22;Art. 10 Abs. 4 173.712.22;Art. 130 StPO
val_001,1,Art. 422 Abs. 1 StPO,STPO,STPO;STGB,1,0,-1,0,-1,-1,0,0,not_in_rerank_input,not_in_fused,fixed_top_k,5,1,Art. 221 Abs. 1 StPO,1,0,Art. 221 Abs. 1 StPO;Art. 10 Abs. 5 173.712.22;Art. 10 Abs. 3 173.712.22;Art. 10 Abs. 4 173.712.22;Art. 130 StPO
val_001,1,Art. 422 Abs. 2 StPO,STPO,STPO;STGB,1,0,-1,0,-1,-1,0,0,not_in_rerank_input,not_in_fused,fixed_top_k,5,1,Art. 221 Abs. 1 StPO,1,0,Art. 221 Abs. 1 StPO;Art. 10 Abs. 5 173.712.22;Art. 10 Abs. 3 173.712.22;Art. 10 Abs. 4 173.712.22;Art. 130 StPO
val_001,1,Art. 428 Abs. 1 StPO,STPO,STPO;STGB,1,0,-1,0,-1,-1,0,0,not_in_rerank_input,not_in_fused,fixed_top_k,5,1,Art. 221 Abs. 1 StPO,1,0,Art. 221 Abs. 1 StPO;Art. 10 Abs. 5 173.712.22;Art. 10 Abs. 3 173.712.22;Art. 10 Abs. 4 173.712.22;Art. 130 StPO
val_001,1,Art. 135 Abs. 4 StPO,STPO,STPO;STGB,1,0,-1,0,-1,-1,0,0,not_in_rerank_input,not_in_fused,fixed_top_k,5,1,Art. 221 Abs. 1 StPO,1,0,Art. 221 Abs. 1 StPO;Art. 10 Abs. 5 173.712.22;Art. 10 Abs. 3 173.712.22;Art. 10 Abs. 4 173.712.22;Art. 130 StPO
val_001,1,Art. 100 Abs. 1 BGG,BGG,STPO;STGB,0,0,-1,0,-1,-1,0,0,not_in_rerank_input,not_in_fused,fixed_top_k,5,1,Art. 221 Abs. 1 StPO,1,0,Art. 221 Abs. 1 StPO;Art. 10 Abs. 5 173.712.22;Art. 10 Abs. 3 173.712.22;Art. 10 Abs. 4 173.712.22;Art. 130 StPO
val_001,1,Art. 135 Abs. 3 StPO,STPO,STPO;STGB,1,0,-1,0,-1,-1,0,0,not_in_rerank_input,not_in_fused,fixed_top_k,5,1,Art. 221 Abs. 1 StPO,1,0,Art. 221 Abs. 1 StPO;Art. 10 Abs. 5 173.712.22;Art. 10 Abs. 3 173.712.22;Art. 10 Abs. 4 173.712.22;Art. 130 StPO
val_001,1,Art. 37 Abs. 1 StBOG,,STPO;STGB,0,0,-1,0,-1,-1,0,0,not_in_rerank_input,not_in_fused,fixed_top_k,5,1,Art. 221 Abs. 1 StPO,1,0,Art. 221 Abs. 1 StPO;Art. 10 Abs. 5 173.712.22;Art. 10 Abs. 3 173.712.22;Art. 10 Abs. 4 173.712.22;Art. 130 StPO
val_001,1,Art. 39 Abs. 1 StBOG,,STPO;STGB,0,0,-1,0,-1,-1,0,0,not_in_rerank_input,not_in_fused,fixed_top_k,5,1,Art. 221 Abs. 1 StPO,1,0,Art. 221 Abs. 1 StPO;Art. 10 Abs. 5 173.712.22;Art. 10 Abs. 3 173.712.22;Art. 10 Abs. 4 173.712.22;Art. 130 StPO
val_001,1,BGE 137 IV 122 E. 6.2,,STPO;STGB,0,0,-1,0,-1,-1,0,0,not_in_rerank_input,not_in_fused,fixed_top_k,5,1,Art. 221 Abs. 1 StPO,1,0,Art. 221 Abs. 1 StPO;Art. 10 Abs. 5 173.712.22;Art. 10 Abs. 3 173.712.22;Art. 10 Abs. 4 173.712.22;Art. 130 StPO
val_001,1,BGE 137 IV 122 E. 6.4,,STPO;STGB,0,0,-1,0,-1,-1,0,0,not_in_rerank_input,not_in_fused,fixed_top_k,5,1,Art. 221 Abs. 1 StPO,1,0,Art. 221 Abs. 1 StPO;Art. 10 Abs. 5 173.712.22;Art. 10 Abs. 3 173.712.22;Art. 10 Abs. 4 173.712.22;Art. 130 StPO
val_001,1,BGE 137 IV 122 E. 4.2,,STPO;STGB,0,0,-1,0,-1,-1,0,0,not_in_rerank_input,not_in_fused,fixed_top_k,5,1,Art. 221 Abs. 1 StPO,1,0,Art. 221 Abs. 1 StPO;Art. 10 Abs. 5 173.712.22;Art. 10 Abs. 3 173.712.22;Art. 10 Abs. 4 173.712.22;Art. 130 StPO
val_001,1,BGE 132 I 21 E. 3.2,,STPO;STGB,0,0,-1,0,-1,-1,0,0,not_in_rerank_input,not_in_fused,fixed_top_k,5,1,Art. 221 Abs. 1 StPO,1,0,Art. 221 Abs. 1 StPO;Art. 10 Abs. 5 173.712.22;Art. 10 Abs. 3 173.712.22;Art. 10 Abs. 4 173.712.22;Art. 130 StPO
val_001,1,1B_210/2023 E. 4.1,,STPO;STGB,0,0,-1,0,-1,-1,0,0,not_in_rerank_input,not_in_fused,fixed_top_k,5,1,Art. 221 Abs. 1 StPO,1,0,Art. 221 Abs. 1 StPO;Art. 10 Abs. 5 173.712.22;Art. 10 Abs. 3 173.712.22;Art. 10 Abs. 4 173.712.22;Art. 130 StPO
val_001,1,BGE 132 I 21 E. 3.2.2,,STPO;STGB,0,0,-1,0,-1,-1,0,0,not_in_rerank_input,not_in_fused,fixed_top_k,5,1,Art. 221 Abs. 1 StPO,1,0,Art. 221 Abs. 1 StPO;Art. 10 Abs. 5 173.712.22;Art. 10 Abs. 3 173.712.22;Art. 10 Abs. 4 173.712.22;Art. 130 StPO
val_001,1,1B_536/2018 E. 5.1,,STPO;STGB,0,0,-1,0,-1,-1,0,0,not_in_rerank_input,not_in_fused,fixed_top_k,5,1,Art. 221 Abs. 1 StPO,1,0,Art. 221 Abs. 1 StPO;Art. 10 Abs. 5 173.712.22;Art. 10 Abs. 3 173.712.22;Art. 10 Abs. 4 173.712.22;Art. 130 StPO
val_001,1,BGE 139 IV 270 E. 3.1,,STPO;STGB,0,0,-1,0,-1,-1,0,0,not_in_rerank_input,not_in_fused,fixed_top_k,5,1,Art. 221 Abs. 1 StPO,1,0,Art. 221 Abs. 1 StPO;Art. 10 Abs. 5 173.712.22;Art. 10 Abs. 3 173.712.22;Art. 10 Abs. 4 173.712.22;Art. 130 StPO
val_001,1,BGE 133 I 168 E. 4.1,,STPO;STGB,0,0,-1,0,-1,-1,0,0,not_in_rerank_input,not_in_fused,fixed_top_k,5,1,Art. 221 Abs. 1 StPO,1,0,Art. 221 Abs. 1 StPO;Art. 10 Abs. 5 173.712.22;Art. 10 Abs. 3 173.712.22;Art. 10 Abs. 4 173.712.22;Art. 130 StPO
val_001,1,BGE 143 IV 168 E. 5.1,,STPO;STGB,0,0,-1,0,-1,-1,0,0,not_in_rerank_input,not_in_fused,fixed_top_k,5,1,Art. 221 Abs. 1 StPO,1,0,Art. 221 Abs. 1 StPO;Art. 10 Abs. 5 173.712.22;Art. 10 Abs. 3 173.712.22;Art. 10 Abs. 4 173.712.22;Art. 130 StPO
val_001,1,BGE 133 I 270 E. 3.4.2,,STPO;STGB,0,0,-1,0,-1,-1,0,0,not_in_rerank_input,not_in_fused,fixed_top_k,5,1,Art. 221 Abs. 1 StPO,1,0,Art. 221 Abs. 1 StPO;Art. 10 Abs. 5 173.712.22;Art. 10 Abs. 3 173.712.22;Art. 10 Abs. 4 173.712.22;Art. 130 StPO
val_001,1,BGE 137 IV 122 E. 4.1,,STPO;STGB,0,0,-1,0,-1,-1,0,0,not_in_rerank_input,not_in_fused,fixed_top_k,5,1,Art. 221 Abs. 1 StPO,1,0,Art. 221 Abs. 1 StPO;Art. 10 Abs. 5 173.712.22;Art. 10 Abs. 3 173.712.22;Art. 10 Abs. 4 173.712.22;Art. 130 StPO
val_001,1,BGE 132 I 21 E. 3.2.1,,STPO;STGB,0,0,-1,0,-1,-1,0,0,not_in_rerank_input,not_in_fused,fixed_top_k,5,1,Art. 221 Abs. 1 StPO,1,0,Art. 221 Abs. 1 StPO;Art. 10 Abs. 5 173.712.22;Art. 10 Abs. 3 173.712.22;Art. 10 Abs. 4 173.712.22;Art. 130 StPO
val_001,1,1B_90/2021 E. 2.1,,STPO;STGB,0,0,-1,0,-1,-1,0,0,not_in_rerank_input,not_in_fused,fixed_top_k,5,1,Art. 221 Abs. 1 StPO,1,0,Art. 221 Abs. 1 StPO;Art. 10 Abs. 5 173.712.22;Art. 10 Abs. 3 173.712.22;Art. 10 Abs. 4 173.712.22;Art. 130 StPO
val_001,1,1B_90/2021 E. 2.4,,STPO;STGB,0,0,-1,0,-1,-1,0,0,not_in_rerank_input,not_in_fused,fixed_top_k,5,1,Art. 221 Abs. 1 StPO,1,0,Art. 221 Abs. 1 StPO;Art. 10 Abs. 5 173.712.22;Art. 10 Abs. 3 173.712.22;Art. 10 Abs. 4 173.712.22;Art. 130 StPO
val_001,1,7B_496/2025 E. 3.2,,STPO;STGB,0,0,-1,0,-1,-1,0,0,not_in_rerank_input,not_in_fused,fixed_top_k,5,1,Art. 221 Abs. 1 StPO,1,0,Art. 221 Abs. 1 StPO;Art. 10 Abs. 5 173.712.22;Art. 10 Abs. 3 173.712.22;Art. 10 Abs. 4 173.712.22;Art. 130 StPO
val_001,1,7B_231/2025 E. 4.1,,STPO;STGB,0,0,-1,0,-1,-1,0,0,not_in_rerank_input,not_in_fused,fixed_top_k,5,1,Art. 221 Abs. 1 StPO,1,0,Art. 221 Abs. 1 StPO;Art. 10 Abs. 5 173.712.22;Art. 10 Abs. 3 173.712.22;Art. 10 Abs. 4 173.712.22;Art. 130 StPO
val_001,1,7B_69/2024 E. 3.3.2,,STPO;STGB,0,0,-1,0,-1,-1,0,0,not_in_rerank_input,not_in_fused,fixed_top_k,5,1,Art. 221 Abs. 1 StPO,1,0,Art. 221 Abs. 1 StPO;Art. 10 Abs. 5 173.712.22;Art. 10 Abs. 3 173.712.22;Art. 10 Abs. 4 173.712.22;Art. 130 StPO
val_001,1,7B_301/2024 E. 2.4,,STPO;STGB,0,0,-1,0,-1,-1,0,0,not_in_rerank_input,not_in_fused,fixed_top_k,5,1,Art. 221 Abs. 1 StPO,1,0,Art. 221 Abs. 1 StPO;Art. 10 Abs. 5 173.712.22;Art. 10 Abs. 3 173.712.22;Art. 10 Abs. 4 173.712.22;Art. 130 StPO
val_001,1,7B_12/2025 E. 2.2,,STPO;STGB,0,0,-1,0,-1,-1,0,0,not_in_rerank_input,not_in_fused,fixed_top_k,5,1,Art. 221 Abs. 1 StPO,1,0,Art. 221 Abs. 1 StPO;Art. 10 Abs. 5 173.712.22;Art. 10 Abs. 3 173.712.22;Art. 10 Abs. 4 173.712.22;Art. 130 StPO
val_001,1,1B_357/2022 E. 3.1,,STPO;STGB,0,0,-1,0,-1,-1,0,0,not_in_rerank_input,not_in_fused,fixed_top_k,5,1,Art. 221 Abs. 1 StPO,1,0,Art. 221 Abs. 1 StPO;Art. 10 Abs. 5 173.712.22;Art. 10 Abs. 3 173.712.22;Art. 10 Abs. 4 173.712.22;Art. 130 StPO
val_001,1,1B_15/2023 E. 3.1,,STPO;STGB,0,0,-1,0,-1,-1,0,0,not_in_rerank_input,not_in_fused,fixed_top_k,5,1,Art. 221 Abs. 1 StPO,1,0,Art. 221 Abs. 1 StPO;Art. 10 Abs. 5 173.712.22;Art. 10 Abs. 3 173.712.22;Art. 10 Abs. 4 173.712.22;Art. 130 StPO
val_001,1,1B_28/2022 E. 4.1,,STPO;STGB,0,0,-1,0,-1,-1,0,0,not_in_rerank_input,not_in_fused,fixed_top_k,5,1,Art. 221 Abs. 1 StPO,1,0,Art. 221 Abs. 1 StPO;Art. 10 Abs. 5 173.712.22;Art. 10 Abs. 3 173.712.22;Art. 10 Abs. 4 173.712.22;Art. 130 StPO
val_002,1,Art. 8 Abs. 1 ATSG,ATSG,,0,0,-1,0,-1,-1,0,0,not_in_rerank_input,not_in_fused,fixed_top_k,5,0,,0,0,Art. 3 Abs. 1 221.434;Art. 8 Abs. 1 BetmPV;Art. 1 812.214.11;Art. 3 632.324.27;Art. 28 Abs. 2 CZV
val_002,1,Art. 8 Abs. 1 IVG,IVG,,0,0,-1,0,-1,-1,0,0,not_in_rerank_input,not_in_fused,fixed_top_k,5,0,,0,0,Art. 3 Abs. 1 221.434;Art. 8 Abs. 1 BetmPV;Art. 1 812.214.11;Art. 3 632.324.27;Art. 28 Abs. 2 CZV
val_002,1,Art. 17 Abs. 1 IVG,IVG,,0,0,-1,0,-1,-1,0,0,not_in_rerank_input,not_in_fused,fixed_top_k,5,0,,0,0,Art. 3 Abs. 1 221.434;Art. 8 Abs. 1 BetmPV;Art. 1 812.214.11;Art. 3 632.324.27;Art. 28 Abs. 2 CZV
val_002,1,Art. 1 Abs. 1 IVG,IVG,,0,0,-1,0,-1,-1,0,0,not_in_rerank_input,not_in_fused,fixed_top_k,5,0,,0,0,Art. 3 Abs. 1 221.434;Art. 8 Abs. 1 BetmPV;Art. 1 812.214.11;Art. 3 632.324.27;Art. 28 Abs. 2 CZV
val_002,1,Art. 56 Abs. 1 ATSG,ATSG,,0,0,-1,0,-1,-1,0,0,not_in_rerank_input,not_in_fused,fixed_top_k,5,0,,0,0,Art. 3 Abs. 1 221.434;Art. 8 Abs. 1 BetmPV;Art. 1 812.214.11;Art. 3 632.324.27;Art. 28 Abs. 2 CZV
val_002,1,Art. 69 Abs. 1 IVG,IVG,,0,0,-1,0,-1,-1,0,0,not_in_rerank_input,not_in_fused,fixed_top_k,5,0,,0,0,Art. 3 Abs. 1 221.434;Art. 8 Abs. 1 BetmPV;Art. 1 812.214.11;Art. 3 632.324.27;Art. 28 Abs. 2 CZV
val_002,1,Art. 60 Abs. 1 ATSG,ATSG,,0,0,-1,0,-1,-1,0,0,not_in_rerank_input,not_in_fused,fixed_top_k,5,0,,0,0,Art. 3 Abs. 1 221.434;Art. 8 Abs. 1 BetmPV;Art. 1 812.214.11;Art. 3 632.324.27;Art. 28 Abs. 2 CZV
val_002,1,Art. 61 ATSG,ATSG,,0,0,-1,0,-1,-1,0,0,not_in_rerank_input,not_in_fused,fixed_top_k,5,0,,0,0,Art. 3 Abs. 1 221.434;Art. 8 Abs. 1 BetmPV;Art. 1 812.214.11;Art. 3 632.324.27;Art. 28 Abs. 2 CZV
val_002,1,Art. 29 Abs. 1 IVG,IVG,,0,0,-1,0,-1,-1,0,0,not_in_rerank_input,not_in_fused,fixed_top_k,5,0,,0,0,Art. 3 Abs. 1 221.434;Art. 8 Abs. 1 BetmPV;Art. 1 812.214.11;Art. 3 632.324.27;Art. 28 Abs. 2 CZV
val_002,1,Art. 4 Abs. 1 IVG,IVG,,0,0,-1,0,-1,-1,0,0,not_in_rerank_input,not_in_fused,fixed_top_k,5,0,,0,0,Art. 3 Abs. 1 221.434;Art. 8 Abs. 1 BetmPV;Art. 1 812.214.11;Art. 3 632.324.27;Art. 28 Abs. 2 CZV
val_002,1,Art. 6 ATSG,ATSG,,0,0,-1,0,-1,-1,0,0,not_in_rerank_input,not_in_fused,fixed_top_k,5,0,,0,0,Art. 3 Abs. 1 221.434;Art. 8 Abs. 1 BetmPV;Art. 1 812.214.11;Art. 3 632.324.27;Art. 28 Abs. 2 CZV
val_002,1,Art. 8 Abs. 3 IVG,IVG,,0,0,-1,0,-1,-1,0,0,not_in_rerank_input,not_in_fused,fixed_top_k,5,0,,0,0,Art. 3 Abs. 1 221.434;Art. 8 Abs. 1 BetmPV;Art. 1 812.214.11;Art. 3 632.324.27;Art. 28 Abs. 2 CZV
val_002,1,Art. 18d IVG,IVG,,0,0,-1,0,-1,-1,0,0,not_in_rerank_input,not_in_fused,fixed_top_k,5,0,,0,0,Art. 3 Abs. 1 221.434;Art. 8 Abs. 1 BetmPV;Art. 1 812.214.11;Art. 3 632.324.27;Art. 28 Abs. 2 CZV
val_002,1,Art. 28 Abs. 1 IVG,IVG,,0,0,-1,0,-1,-1,0,0,not_in_rerank_input,not_in_fused,fixed_top_k,5,0,,0,0,Art. 3 Abs. 1 221.434;Art. 8 Abs. 1 BetmPV;Art. 1 812.214.11;Art. 3 632.324.27;Art. 28 Abs. 2 CZV
val_002,1,Art. 69 Abs. 1bis IVG,IVG,,0,0,-1,0,-1,-1,0,0,not_in_rerank_input,not_in_fused,fixed_top_k,5,0,,0,0,Art. 3 Abs. 1 221.434;Art. 8 Abs. 1 BetmPV;Art. 1 812.214.11;Art. 3 632.324.27;Art. 28 Abs. 2 CZV
val_002,1,Art. 82 BGG,BGG,,0,0,-1,0,-1,-1,0,0,not_in_rerank_input,not_in_fused,fixed_top_k,5,0,,0,0,Art. 3 Abs. 1 221.434;Art. 8 Abs. 1 BetmPV;Art. 1 812.214.11;Art. 3 632.324.27;Art. 28 Abs. 2 CZV
val_002,1,Art. 113 BGG,BGG,,0,0,-1,0,-1,-1,0,0,not_in_rerank_input,not_in_fused,fixed_top_k,5,0,,0,0,Art. 3 Abs. 1 221.434;Art. 8 Abs. 1 BetmPV;Art. 1 812.214.11;Art. 3 632.324.27;Art. 28 Abs. 2 CZV
val_002,1,Art. 100 Abs. 1 BGG,BGG,,0,0,-1,0,-1,-1,0,0,not_in_rerank_input,not_in_fused,fixed_top_k,5,0,,0,0,Art. 3 Abs. 1 221.434;Art. 8 Abs. 1 BetmPV;Art. 1 812.214.11;Art. 3 632.324.27;Art. 28 Abs. 2 CZV
val_002,1,BGE 148 V 21 E. 5.3,,,0,0,-1,0,-1,-1,0,0,not_in_rerank_input,not_in_fused,fixed_top_k,5,0,,0,0,Art. 3 Abs. 1 221.434;Art. 8 Abs. 1 BetmPV;Art. 1 812.214.11;Art. 3 632.324.27;Art. 28 Abs. 2 CZV
val_002,1,BGE 144 V 427 E. 3.2,,,0,0,-1,0,-1,-1,0,0,not_in_rerank_input,not_in_fused,fixed_top_k,5,0,,0,0,Art. 3 Abs. 1 221.434;Art. 8 Abs. 1 BetmPV;Art. 1 812.214.11;Art. 3 632.324.27;Art. 28 Abs. 2 CZV
val_002,1,BGE 139 V 176 E. 5.3,,,0,0,-1,0,-1,-1,0,0,not_in_rerank_input,not_in_fused,fixed_top_k,5,0,,0,0,Art. 3 Abs. 1 221.434;Art. 8 Abs. 1 BetmPV;Art. 1 812.214.11;Art. 3 632.324.27;Art. 28 Abs. 2 CZV
val_002,1,BGE 135 V 39 E. 6.1,,,0,0,-1,0,-1,-1,0,0,not_in_rerank_input,not_in_fused,fixed_top_k,5,0,,0,0,Art. 3 Abs. 1 221.434;Art. 8 Abs. 1 BetmPV;Art. 1 812.214.11;Art. 3 632.324.27;Art. 28 Abs. 2 CZV
val_002,1,BGE 132 V 93 E. 4,,,0,0,-1,0,-1,-1,0,0,not_in_rerank_input,not_in_fused,fixed_top_k,5,0,,0,0,Art. 3 Abs. 1 221.434;Art. 8 Abs. 1 BetmPV;Art. 1 812.214.11;Art. 3 632.324.27;Art. 28 Abs. 2 CZV
val_002,1,8C_160/2016 E. 4.1,,,0,0,-1,0,-1,-1,0,0,not_in_rerank_input,not_in_fused,fixed_top_k,5,0,,0,0,Art. 3 Abs. 1 221.434;Art. 8 Abs. 1 BetmPV;Art. 1 812.214.11;Art. 3 632.324.27;Art. 28 Abs. 2 CZV
val_002,1,BGE 134 V 231 E. 5.1,,,0,0,-1,0,-1,-1,0,0,not_in_rerank_input,not_in_fused,fixed_top_k,5,0,,0,0,Art. 3 Abs. 1 221.434;Art. 8 Abs. 1 BetmPV;Art. 1 812.214.11;Art. 3 632.324.27;Art. 28 Abs. 2 CZV
val_002,1,8C_510/2020 E. 2.4,,,0,0,-1,0,-1,-1,0,0,not_in_rerank_input,not_in_fused,fixed_top_k,5,0,,0,0,Art. 3 Abs. 1 221.434;Art. 8 Abs. 1 BetmPV;Art. 1 812.214.11;Art. 3 632.324.27;Art. 28 Abs. 2 CZV
val_002,1,BGE 139 V 399 E. 5.3,,,0,0,-1,0,-1,-1,0,0,not_in_rerank_input,not_in_fused,fixed_top_k,5,0,,0,0,Art. 3 Abs. 1 221.434;Art. 8 Abs. 1 BetmPV;Art. 1 812.214.11;Art. 3 632.324.27;Art. 28 Abs. 2 CZV
val_002,1,BGE 139 V 399 E. 5.4,,,0,0,-1,0,-1,-1,0,0,not_in_rerank_input,not_in_fused,fixed_top_k,5,0,,0,0,Art. 3 Abs. 1 221.434;Art. 8 Abs. 1 BetmPV;Art. 1 812.214.11;Art. 3 632.324.27;Art. 28 Abs. 2 CZV
val_002,1,BGE 139 V 399 E. 5.5,,,0,0,-1,0,-1,-1,0,0,not_in_rerank_input,not_in_fused,fixed_top_k,5,0,,0,0,Art. 3 Abs. 1 221.434;Art. 8 Abs. 1 BetmPV;Art. 1 812.214.11;Art. 3 632.324.27;Art. 28 Abs. 2 CZV
val_002,1,BGE 127 V 205 E. 4b,,,0,0,-1,0,-1,-1,0,0,not_in_rerank_input,not_in_fused,fixed_top_k,5,0,,0,0,Art. 3 Abs. 1 221.434;Art. 8 Abs. 1 BetmPV;Art. 1 812.214.11;Art. 3 632.324.27;Art. 28 Abs. 2 CZV
val_002,1,Art. 16 ATSG,ATSG,,0,0,-1,0,-1,-1,0,0,not_in_rerank_input,not_in_fused,fixed_top_k,5,0,,0,0,Art. 3 Abs. 1 221.434;Art. 8 Abs. 1 BetmPV;Art. 1 812.214.11;Art. 3 632.324.27;Art. 28 Abs. 2 CZV
val_002,1,Art. 21 Abs. 4 ATSG,ATSG,,0,0,-1,0,-1,-1,0,0,not_in_rerank_input,not_in_fused,fixed_top_k,5,0,,0,0,Art. 3 Abs. 1 221.434;Art. 8 Abs. 1 BetmPV;Art. 1 812.214.11;Art. 3 632.324.27;Art. 28 Abs. 2 CZV
val_002,1,BGE 124 V 108 E. 2b,,,0,0,-1,0,-1,-1,0,0,not_in_rerank_input,not_in_fused,fixed_top_k,5,0,,0,0,Art. 3 Abs. 1 221.434;Art. 8 Abs. 1 BetmPV;Art. 1 812.214.11;Art. 3 632.324.27;Art. 28 Abs. 2 CZV
val_002,1,9C_623/2020 E. 4.2,,,0,0,-1,0,-1,-1,0,0,not_in_rerank_input,not_in_fused,fixed_top_k,5,0,,0,0,Art. 3 Abs. 1 221.434;Art. 8 Abs. 1 BetmPV;Art. 1 812.214.11;Art. 3 632.324.27;Art. 28 Abs. 2 CZV
val_002,1,8C_421/2023 E. 2.2,,,0,0,-1,0,-1,-1,0,0,not_in_rerank_input,not_in_fused,fixed_top_k,5,0,,0,0,Art. 3 Abs. 1 221.434;Art. 8 Abs. 1 BetmPV;Art. 1 812.214.11;Art. 3 632.324.27;Art. 28 Abs. 2 CZV
val_002,1,BGE 140 V 193 E. 3.2,,,0,0,-1,0,-1,-1,0,0,not_in_rerank_input,not_in_fused,fixed_top_k,5,0,,0,0,Art. 3 Abs. 1 221.434;Art. 8 Abs. 1 BetmPV;Art. 1 812.214.11;Art. 3 632.324.27;Art. 28 Abs. 2 CZV
val_003,0,Art. 29 Abs. 2 BV,BV,STPO;BV,1,1,3,1,3,171,0,0,reranked_too_low,cut_by_fixed_top_k;lost_to_wrong_family_candidate,fixed_top_k,5,0,,0,0,Art. 59 Abs. 1 StPO;Art. 74 Abs. 1 StPO;Art. 88 Abs. 1 StPO;Art. 221 Abs. 1 StPO;Art. 10 Abs. 3 173.712.22
val_003,0,Art. 221 Abs. 1 StPO,STPO,STPO;BV,1,1,1,1,1,4,1,1,kept_final,,fixed_top_k,5,0,,0,0,Art. 59 Abs. 1 StPO;Art. 74 Abs. 1 StPO;Art. 88 Abs. 1 StPO;Art. 221 Abs. 1 StPO;Art. 10 Abs. 3 173.712.22
val_003,0,Art. 393 Abs. 1 StPO,STPO,STPO;BV,1,0,-1,0,-1,-1,0,0,not_in_rerank_input,not_in_fused,fixed_top_k,5,0,,0,0,Art. 59 Abs. 1 StPO;Art. 74 Abs. 1 StPO;Art. 88 Abs. 1 StPO;Art. 221 Abs. 1 StPO;Art. 10 Abs. 3 173.712.22
val_003,0,Art. 222 StPO,STPO,STPO;BV,1,0,-1,0,-1,-1,0,0,not_in_rerank_input,not_in_fused,fixed_top_k,5,0,,0,0,Art. 59 Abs. 1 StPO;Art. 74 Abs. 1 StPO;Art. 88 Abs. 1 StPO;Art. 221 Abs. 1 StPO;Art. 10 Abs. 3 173.712.22
val_003,0,Art. 384 StPO,STPO,STPO;BV,1,0,-1,0,-1,-1,0,0,not_in_rerank_input,not_in_fused,fixed_top_k,5,0,,0,0,Art. 59 Abs. 1 StPO;Art. 74 Abs. 1 StPO;Art. 88 Abs. 1 StPO;Art. 221 Abs. 1 StPO;Art. 10 Abs. 3 173.712.22
val_003,0,Art. 396 Abs. 1 StPO,STPO,STPO;BV,1,0,-1,0,-1,-1,0,0,not_in_rerank_input,not_in_fused,fixed_top_k,5,0,,0,0,Art. 59 Abs. 1 StPO;Art. 74 Abs. 1 StPO;Art. 88 Abs. 1 StPO;Art. 221 Abs. 1 StPO;Art. 10 Abs. 3 173.712.22
val_003,0,Art. 382 Abs. 1 StPO,STPO,STPO;BV,1,0,-1,0,-1,-1,0,0,not_in_rerank_input,not_in_fused,fixed_top_k,5,0,,0,0,Art. 59 Abs. 1 StPO;Art. 74 Abs. 1 StPO;Art. 88 Abs. 1 StPO;Art. 221 Abs. 1 StPO;Art. 10 Abs. 3 173.712.22
val_003,0,Art. 385 Abs. 1 StPO,STPO,STPO;BV,1,0,-1,0,-1,-1,0,0,not_in_rerank_input,not_in_fused,fixed_top_k,5,0,,0,0,Art. 59 Abs. 1 StPO;Art. 74 Abs. 1 StPO;Art. 88 Abs. 1 StPO;Art. 221 Abs. 1 StPO;Art. 10 Abs. 3 173.712.22
val_003,0,Art. 3 Abs. 2 StPO,STPO,STPO;BV,1,0,-1,0,-1,-1,0,0,not_in_rerank_input,not_in_fused,fixed_top_k,5,0,,0,0,Art. 59 Abs. 1 StPO;Art. 74 Abs. 1 StPO;Art. 88 Abs. 1 StPO;Art. 221 Abs. 1 StPO;Art. 10 Abs. 3 173.712.22
val_003,0,Art. 390 Abs. 2 StPO,STPO,STPO;BV,1,0,-1,0,-1,-1,0,0,not_in_rerank_input,not_in_fused,fixed_top_k,5,0,,0,0,Art. 59 Abs. 1 StPO;Art. 74 Abs. 1 StPO;Art. 88 Abs. 1 StPO;Art. 221 Abs. 1 StPO;Art. 10 Abs. 3 173.712.22
val_003,0,Art. 422 Abs. 1 StPO,STPO,STPO;BV,1,0,-1,0,-1,-1,0,0,not_in_rerank_input,not_in_fused,fixed_top_k,5,0,,0,0,Art. 59 Abs. 1 StPO;Art. 74 Abs. 1 StPO;Art. 88 Abs. 1 StPO;Art. 221 Abs. 1 StPO;Art. 10 Abs. 3 173.712.22
val_003,0,Art. 422 Abs. 2 StPO,STPO,STPO;BV,1,0,-1,0,-1,-1,0,0,not_in_rerank_input,not_in_fused,fixed_top_k,5,0,,0,0,Art. 59 Abs. 1 StPO;Art. 74 Abs. 1 StPO;Art. 88 Abs. 1 StPO;Art. 221 Abs. 1 StPO;Art. 10 Abs. 3 173.712.22
val_003,0,Art. 428 Abs. 1 StPO,STPO,STPO;BV,1,0,-1,0,-1,-1,0,0,not_in_rerank_input,not_in_fused,fixed_top_k,5,0,,0,0,Art. 59 Abs. 1 StPO;Art. 74 Abs. 1 StPO;Art. 88 Abs. 1 StPO;Art. 221 Abs. 1 StPO;Art. 10 Abs. 3 173.712.22
val_003,0,Art. 135 Abs. 4 StPO,STPO,STPO;BV,1,0,-1,0,-1,-1,0,0,not_in_rerank_input,not_in_fused,fixed_top_k,5,0,,0,0,Art. 59 Abs. 1 StPO;Art. 74 Abs. 1 StPO;Art. 88 Abs. 1 StPO;Art. 221 Abs. 1 StPO;Art. 10 Abs. 3 173.712.22
val_003,0,Art. 214 Abs. 4 StPO,STPO,STPO;BV,1,0,-1,0,-1,-1,0,0,not_in_rerank_input,not_in_fused,fixed_top_k,5,0,,0,0,Art. 59 Abs. 1 StPO;Art. 74 Abs. 1 StPO;Art. 88 Abs. 1 StPO;Art. 221 Abs. 1 StPO;Art. 10 Abs. 3 173.712.22
val_003,0,Art. 100 Abs. 1 BGG,BGG,STPO;BV,0,0,-1,0,-1,-1,0,0,not_in_rerank_input,not_in_fused,fixed_top_k,5,0,,0,0,Art. 59 Abs. 1 StPO;Art. 74 Abs. 1 StPO;Art. 88 Abs. 1 StPO;Art. 221 Abs. 1 StPO;Art. 10 Abs. 3 173.712.22
val_003,0,Art. 135 Abs. 3 StPO,STPO,STPO;BV,1,0,-1,0,-1,-1,0,0,not_in_rerank_input,not_in_fused,fixed_top_k,5,0,,0,0,Art. 59 Abs. 1 StPO;Art. 74 Abs. 1 StPO;Art. 88 Abs. 1 StPO;Art. 221 Abs. 1 StPO;Art. 10 Abs. 3 173.712.22
val_003,0,Art. 37 Abs. 1 StBOG,,STPO;BV,0,0,-1,0,-1,-1,0,0,not_in_rerank_input,not_in_fused,fixed_top_k,5,0,,0,0,Art. 59 Abs. 1 StPO;Art. 74 Abs. 1 StPO;Art. 88 Abs. 1 StPO;Art. 221 Abs. 1 StPO;Art. 10 Abs. 3 173.712.22
val_003,0,Art. 39 Abs. 1 StBOG,,STPO;BV,0,0,-1,0,-1,-1,0,0,not_in_rerank_input,not_in_fused,fixed_top_k,5,0,,0,0,Art. 59 Abs. 1 StPO;Art. 74 Abs. 1 StPO;Art. 88 Abs. 1 StPO;Art. 221 Abs. 1 StPO;Art. 10 Abs. 3 173.712.22
val_003,0,1B_192/2022 E. 4.1.2,,STPO;BV,0,0,-1,0,-1,-1,0,0,not_in_rerank_input,not_in_fused,fixed_top_k,5,0,,0,0,Art. 59 Abs. 1 StPO;Art. 74 Abs. 1 StPO;Art. 88 Abs. 1 StPO;Art. 221 Abs. 1 StPO;Art. 10 Abs. 3 173.712.22
val_003,0,1B_195/2022 E. 2.2.1,,STPO;BV,0,0,-1,0,-1,-1,0,0,not_in_rerank_input,not_in_fused,fixed_top_k,5,0,,0,0,Art. 59 Abs. 1 StPO;Art. 74 Abs. 1 StPO;Art. 88 Abs. 1 StPO;Art. 221 Abs. 1 StPO;Art. 10 Abs. 3 173.712.22
val_003,0,BGE 145 I 167 E. 4.1,,STPO;BV,0,0,-1,0,-1,-1,0,0,not_in_rerank_input,not_in_fused,fixed_top_k,5,0,,0,0,Art. 59 Abs. 1 StPO;Art. 74 Abs. 1 StPO;Art. 88 Abs. 1 StPO;Art. 221 Abs. 1 StPO;Art. 10 Abs. 3 173.712.22
val_003,0,BGE 142 III 48 E. 4.1.1,,STPO;BV,0,0,-1,0,-1,-1,0,0,not_in_rerank_input,not_in_fused,fixed_top_k,5,0,,0,0,Art. 59 Abs. 1 StPO;Art. 74 Abs. 1 StPO;Art. 88 Abs. 1 StPO;Art. 221 Abs. 1 StPO;Art. 10 Abs. 3 173.712.22
val_003,0,BGE 140 I 285 E. 6.3.1,,STPO;BV,0,0,-1,0,-1,-1,0,0,not_in_rerank_input,not_in_fused,fixed_top_k,5,0,,0,0,Art. 59 Abs. 1 StPO;Art. 74 Abs. 1 StPO;Art. 88 Abs. 1 StPO;Art. 221 Abs. 1 StPO;Art. 10 Abs. 3 173.712.22
val_003,0,2C_501/2020 E. 5.1,,STPO;BV,0,0,-1,0,-1,-1,0,0,not_in_rerank_input,not_in_fused,fixed_top_k,5,0,,0,0,Art. 59 Abs. 1 StPO;Art. 74 Abs. 1 StPO;Art. 88 Abs. 1 StPO;Art. 221 Abs. 1 StPO;Art. 10 Abs. 3 173.712.22
val_003,0,BGE 145 IV 99 E. 3.1,,STPO;BV,0,0,-1,0,-1,-1,0,0,not_in_rerank_input,not_in_fused,fixed_top_k,5,0,,0,0,Art. 59 Abs. 1 StPO;Art. 74 Abs. 1 StPO;Art. 88 Abs. 1 StPO;Art. 221 Abs. 1 StPO;Art. 10 Abs. 3 173.712.22
val_003,0,BGE 143 IV 40 E. 3.4.3,,STPO;BV,0,0,-1,0,-1,-1,0,0,not_in_rerank_input,not_in_fused,fixed_top_k,5,0,,0,0,Art. 59 Abs. 1 StPO;Art. 74 Abs. 1 StPO;Art. 88 Abs. 1 StPO;Art. 221 Abs. 1 StPO;Art. 10 Abs. 3 173.712.22
val_003,0,BGE 139 IV 179 E. 2.2,,STPO;BV,0,0,-1,0,-1,-1,0,0,not_in_rerank_input,not_in_fused,fixed_top_k,5,0,,0,0,Art. 59 Abs. 1 StPO;Art. 74 Abs. 1 StPO;Art. 88 Abs. 1 StPO;Art. 221 Abs. 1 StPO;Art. 10 Abs. 3 173.712.22
val_003,0,BGE 139 IV 186 E. 2,,STPO;BV,0,0,-1,0,-1,-1,0,0,not_in_rerank_input,not_in_fused,fixed_top_k,5,0,,0,0,Art. 59 Abs. 1 StPO;Art. 74 Abs. 1 StPO;Art. 88 Abs. 1 StPO;Art. 221 Abs. 1 StPO;Art. 10 Abs. 3 173.712.22
val_003,0,BGE 143 IV 330 E. 2.1,,STPO;BV,0,0,-1,0,-1,-1,0,0,not_in_rerank_input,not_in_fused,fixed_top_k,5,0,,0,0,Art. 59 Abs. 1 StPO;Art. 74 Abs. 1 StPO;Art. 88 Abs. 1 StPO;Art. 221 Abs. 1 StPO;Art. 10 Abs. 3 173.712.22
val_003,0,BGE 143 IV 316 E. 3.1,,STPO;BV,0,0,-1,0,-1,-1,0,0,not_in_rerank_input,not_in_fused,fixed_top_k,5,0,,0,0,Art. 59 Abs. 1 StPO;Art. 74 Abs. 1 StPO;Art. 88 Abs. 1 StPO;Art. 221 Abs. 1 StPO;Art. 10 Abs. 3 173.712.22
val_003,0,BGE 143 IV 316 E. 3.2,,STPO;BV,0,0,-1,0,-1,-1,0,0,not_in_rerank_input,not_in_fused,fixed_top_k,5,0,,0,0,Art. 59 Abs. 1 StPO;Art. 74 Abs. 1 StPO;Art. 88 Abs. 1 StPO;Art. 221 Abs. 1 StPO;Art. 10 Abs. 3 173.712.22
val_003,0,1B_88/2022 E. 2.1,,STPO;BV,0,0,-1,0,-1,-1,0,0,not_in_rerank_input,not_in_fused,fixed_top_k,5,0,,0,0,Art. 59 Abs. 1 StPO;Art. 74 Abs. 1 StPO;Art. 88 Abs. 1 StPO;Art. 221 Abs. 1 StPO;Art. 10 Abs. 3 173.712.22
val_003,0,1B_572/2021 E. 2.1,,STPO;BV,0,0,-1,0,-1,-1,0,0,not_in_rerank_input,not_in_fused,fixed_top_k,5,0,,0,0,Art. 59 Abs. 1 StPO;Art. 74 Abs. 1 StPO;Art. 88 Abs. 1 StPO;Art. 221 Abs. 1 StPO;Art. 10 Abs. 3 173.712.22
val_003,0,BGE 141 IV 360 E. 3.2,,STPO;BV,0,0,-1,0,-1,-1,0,0,not_in_rerank_input,not_in_fused,fixed_top_k,5,0,,0,0,Art. 59 Abs. 1 StPO;Art. 74 Abs. 1 StPO;Art. 88 Abs. 1 StPO;Art. 221 Abs. 1 StPO;Art. 10 Abs. 3 173.712.22
val_003,0,1B_211/2017 E. 2.1,,STPO;BV,0,0,-1,0,-1,-1,0,0,not_in_rerank_input,not_in_fused,fixed_top_k,5,0,,0,0,Art. 59 Abs. 1 StPO;Art. 74 Abs. 1 StPO;Art. 88 Abs. 1 StPO;Art. 221 Abs. 1 StPO;Art. 10 Abs. 3 173.712.22
val_003,0,BGE 137 IV 122 E. 3.2,,STPO;BV,0,0,-1,0,-1,-1,0,0,not_in_rerank_input,not_in_fused,fixed_top_k,5,0,,0,0,Art. 59 Abs. 1 StPO;Art. 74 Abs. 1 StPO;Art. 88 Abs. 1 StPO;Art. 221 Abs. 1 StPO;Art. 10 Abs. 3 173.712.22
val_003,0,BGE 124 I 208 E. 3,,STPO;BV,0,0,-1,0,-1,-1,0,0,not_in_rerank_input,not_in_fused,fixed_top_k,5,0,,0,0,Art. 59 Abs. 1 StPO;Art. 74 Abs. 1 StPO;Art. 88 Abs. 1 StPO;Art. 221 Abs. 1 StPO;Art. 10 Abs. 3 173.712.22
val_003,0,1B_581/2022 E. 2.1.2,,STPO;BV,0,0,-1,0,-1,-1,0,0,not_in_rerank_input,not_in_fused,fixed_top_k,5,0,,0,0,Art. 59 Abs. 1 StPO;Art. 74 Abs. 1 StPO;Art. 88 Abs. 1 StPO;Art. 221 Abs. 1 StPO;Art. 10 Abs. 3 173.712.22
val_003,0,Art. 505 Abs. 1 ZGB,ZGB,STPO;BV,0,0,-1,0,-1,-1,0,0,not_in_rerank_input,not_in_fused,fixed_top_k,5,0,,0,0,Art. 59 Abs. 1 StPO;Art. 74 Abs. 1 StPO;Art. 88 Abs. 1 StPO;Art. 221 Abs. 1 StPO;Art. 10 Abs. 3 173.712.22
val_003,0,Art. 520 Abs. 1 ZGB,ZGB,STPO;BV,0,0,-1,0,-1,-1,0,0,not_in_rerank_input,not_in_fused,fixed_top_k,5,0,,0,0,Art. 59 Abs. 1 StPO;Art. 74 Abs. 1 StPO;Art. 88 Abs. 1 StPO;Art. 221 Abs. 1 StPO;Art. 10 Abs. 3 173.712.22
val_003,0,BGE 131 III 601 E. 3.1,,STPO;BV,0,0,-1,0,-1,-1,0,0,not_in_rerank_input,not_in_fused,fixed_top_k,5,0,,0,0,Art. 59 Abs. 1 StPO;Art. 74 Abs. 1 StPO;Art. 88 Abs. 1 StPO;Art. 221 Abs. 1 StPO;Art. 10 Abs. 3 173.712.22
val_003,0,Art. 467 ZGB,ZGB,STPO;BV,0,0,-1,0,-1,-1,0,0,not_in_rerank_input,not_in_fused,fixed_top_k,5,0,,0,0,Art. 59 Abs. 1 StPO;Art. 74 Abs. 1 StPO;Art. 88 Abs. 1 StPO;Art. 221 Abs. 1 StPO;Art. 10 Abs. 3 173.712.22
val_003,0,Art. 16 ZGB,ZGB,STPO;BV,0,0,-1,0,-1,-1,0,0,not_in_rerank_input,not_in_fused,fixed_top_k,5,0,,0,0,Art. 59 Abs. 1 StPO;Art. 74 Abs. 1 StPO;Art. 88 Abs. 1 StPO;Art. 221 Abs. 1 StPO;Art. 10 Abs. 3 173.712.22
val_003,0,Art. 519 Abs. 1 ZGB,ZGB,STPO;BV,0,0,-1,0,-1,-1,0,0,not_in_rerank_input,not_in_fused,fixed_top_k,5,0,,0,0,Art. 59 Abs. 1 StPO;Art. 74 Abs. 1 StPO;Art. 88 Abs. 1 StPO;Art. 221 Abs. 1 StPO;Art. 10 Abs. 3 173.712.22
val_003,0,BGE 124 III 5 E. 4,,STPO;BV,0,0,-1,0,-1,-1,0,0,not_in_rerank_input,not_in_fused,fixed_top_k,5,0,,0,0,Art. 59 Abs. 1 StPO;Art. 74 Abs. 1 StPO;Art. 88 Abs. 1 StPO;Art. 221 Abs. 1 StPO;Art. 10 Abs. 3 173.712.22
val_003,0,BGE 131 III 106 E. 1.1,,STPO;BV,0,0,-1,0,-1,-1,0,0,not_in_rerank_input,not_in_fused,fixed_top_k,5,0,,0,0,Art. 59 Abs. 1 StPO;Art. 74 Abs. 1 StPO;Art. 88 Abs. 1 StPO;Art. 221 Abs. 1 StPO;Art. 10 Abs. 3 173.712.22
val_004,0,Art. 505 Abs. 1 ZGB,ZGB,ZGB,1,1,5,1,5,178,0,0,reranked_too_low,cut_by_fixed_top_k,fixed_top_k,5,0,,0,0,Art. 10 Abs. 4 631.253.4;Art. 23 Abs. 1 ZGB;Art. 189 ZGB;Art. 318 Abs. 3 ZGB;Art. 328 Abs. 1 ZGB
val_004,0,Art. 467 ZGB,ZGB,ZGB,1,1,17,1,17,64,0,0,reranked_too_low,cut_by_fixed_top_k,fixed_top_k,5,0,,0,0,Art. 10 Abs. 4 631.253.4;Art. 23 Abs. 1 ZGB;Art. 189 ZGB;Art. 318 Abs. 3 ZGB;Art. 328 Abs. 1 ZGB
val_004,0,Art. 469 Abs. 1 ZGB,ZGB,ZGB,1,0,-1,0,-1,-1,0,0,not_in_rerank_input,not_in_fused,fixed_top_k,5,0,,0,0,Art. 10 Abs. 4 631.253.4;Art. 23 Abs. 1 ZGB;Art. 189 ZGB;Art. 318 Abs. 3 ZGB;Art. 328 Abs. 1 ZGB
val_004,0,Art. 471 ZGB,ZGB,ZGB,1,0,-1,0,-1,-1,0,0,not_in_rerank_input,not_in_fused,fixed_top_k,5,0,,0,0,Art. 10 Abs. 4 631.253.4;Art. 23 Abs. 1 ZGB;Art. 189 ZGB;Art. 318 Abs. 3 ZGB;Art. 328 Abs. 1 ZGB
val_004,0,Art. 20 Abs. 2 OR,OR,ZGB,0,0,-1,0,-1,-1,0,0,not_in_rerank_input,not_in_fused,fixed_top_k,5,0,,0,0,Art. 10 Abs. 4 631.253.4;Art. 23 Abs. 1 ZGB;Art. 189 ZGB;Art. 318 Abs. 3 ZGB;Art. 328 Abs. 1 ZGB
val_004,0,Art. 520a ZGB,ZGB,ZGB,1,0,-1,0,-1,-1,0,0,not_in_rerank_input,not_in_fused,fixed_top_k,5,0,,0,0,Art. 10 Abs. 4 631.253.4;Art. 23 Abs. 1 ZGB;Art. 189 ZGB;Art. 318 Abs. 3 ZGB;Art. 328 Abs. 1 ZGB
val_004,0,Art. 469 Abs. 2 ZGB,ZGB,ZGB,1,0,-1,0,-1,-1,0,0,not_in_rerank_input,not_in_fused,fixed_top_k,5,0,,0,0,Art. 10 Abs. 4 631.253.4;Art. 23 Abs. 1 ZGB;Art. 189 ZGB;Art. 318 Abs. 3 ZGB;Art. 328 Abs. 1 ZGB
val_004,0,Art. 458 Abs. 3 ZGB,ZGB,ZGB,1,0,-1,0,-1,-1,0,0,not_in_rerank_input,not_in_fused,fixed_top_k,5,0,,0,0,Art. 10 Abs. 4 631.253.4;Art. 23 Abs. 1 ZGB;Art. 189 ZGB;Art. 318 Abs. 3 ZGB;Art. 328 Abs. 1 ZGB
val_004,0,Art. 100 Abs. 1 BGG,BGG,ZGB,0,0,-1,0,-1,-1,0,0,not_in_rerank_input,not_in_fused,fixed_top_k,5,0,,0,0,Art. 10 Abs. 4 631.253.4;Art. 23 Abs. 1 ZGB;Art. 189 ZGB;Art. 318 Abs. 3 ZGB;Art. 328 Abs. 1 ZGB
val_004,0,BGE 131 III 601 E. 3.1,,ZGB,0,0,-1,0,-1,-1,0,0,not_in_rerank_input,not_in_fused,fixed_top_k,5,0,,0,0,Art. 10 Abs. 4 631.253.4;Art. 23 Abs. 1 ZGB;Art. 189 ZGB;Art. 318 Abs. 3 ZGB;Art. 328 Abs. 1 ZGB
val_005,0,Art. 133 Abs. 1 ZGB,ZGB,ZGB;STGB,1,1,1,1,1,208,0,0,reranked_too_low,cut_by_fixed_top_k,fixed_top_k,5,0,,0,0,Art. 3 Abs. 1 FamZG;Art. 10 Abs. 3 173.712.22;Art. 30 Abs. 2 BGerR;Art. 23 Abs. 1 ZGB;Art. 328 Abs. 1 ZGB
val_005,0,Art. 133 Abs. 2 ZGB,ZGB,ZGB;STGB,1,0,-1,0,-1,-1,0,0,not_in_rerank_input,not_in_fused,fixed_top_k,5,0,,0,0,Art. 3 Abs. 1 FamZG;Art. 10 Abs. 3 173.712.22;Art. 30 Abs. 2 BGerR;Art. 23 Abs. 1 ZGB;Art. 328 Abs. 1 ZGB
val_005,0,Art. 285 Abs. 1 ZGB,ZGB,ZGB;STGB,1,0,-1,0,-1,-1,0,0,not_in_rerank_input,not_in_fused,fixed_top_k,5,0,,0,0,Art. 3 Abs. 1 FamZG;Art. 10 Abs. 3 173.712.22;Art. 30 Abs. 2 BGerR;Art. 23 Abs. 1 ZGB;Art. 328 Abs. 1 ZGB
val_005,0,Art. 100 Abs. 1 BGG,BGG,ZGB;STGB,0,0,-1,0,-1,-1,0,0,not_in_rerank_input,not_in_fused,fixed_top_k,5,0,,0,0,Art. 3 Abs. 1 FamZG;Art. 10 Abs. 3 173.712.22;Art. 30 Abs. 2 BGerR;Art. 23 Abs. 1 ZGB;Art. 328 Abs. 1 ZGB
val_005,0,BGE 131 III 209 E. 5,,ZGB;STGB,0,0,-1,0,-1,-1,0,0,not_in_rerank_input,not_in_fused,fixed_top_k,5,0,,0,0,Art. 3 Abs. 1 FamZG;Art. 10 Abs. 3 173.712.22;Art. 30 Abs. 2 BGerR;Art. 23 Abs. 1 ZGB;Art. 328 Abs. 1 ZGB
val_005,0,BGE 128 III 411 E. 3.2.1,,ZGB;STGB,0,0,-1,0,-1,-1,0,0,not_in_rerank_input,not_in_fused,fixed_top_k,5,0,,0,0,Art. 3 Abs. 1 FamZG;Art. 10 Abs. 3 173.712.22;Art. 30 Abs. 2 BGerR;Art. 23 Abs. 1 ZGB;Art. 328 Abs. 1 ZGB
val_005,0,Art. 274 Abs. 2 ZGB,ZGB,ZGB;STGB,1,0,-1,0,-1,-1,0,0,not_in_rerank_input,not_in_fused,fixed_top_k,5,0,,0,0,Art. 3 Abs. 1 FamZG;Art. 10 Abs. 3 173.712.22;Art. 30 Abs. 2 BGerR;Art. 23 Abs. 1 ZGB;Art. 328 Abs. 1 ZGB
val_005,0,BGE 130 III 585 E. 2.1,,ZGB;STGB,0,0,-1,0,-1,-1,0,0,not_in_rerank_input,not_in_fused,fixed_top_k,5,0,,0,0,Art. 3 Abs. 1 FamZG;Art. 10 Abs. 3 173.712.22;Art. 30 Abs. 2 BGerR;Art. 23 Abs. 1 ZGB;Art. 328 Abs. 1 ZGB
val_005,0,BGE 130 III 585 E. 2.2.1,,ZGB;STGB,0,0,-1,0,-1,-1,0,0,not_in_rerank_input,not_in_fused,fixed_top_k,5,0,,0,0,Art. 3 Abs. 1 FamZG;Art. 10 Abs. 3 173.712.22;Art. 30 Abs. 2 BGerR;Art. 23 Abs. 1 ZGB;Art. 328 Abs. 1 ZGB
val_005,0,Art. 273 Abs. 1 ZGB,ZGB,ZGB;STGB,1,1,5,1,5,211,0,0,reranked_too_low,cut_by_fixed_top_k,fixed_top_k,5,0,,0,0,Art. 3 Abs. 1 FamZG;Art. 10 Abs. 3 173.712.22;Art. 30 Abs. 2 BGerR;Art. 23 Abs. 1 ZGB;Art. 328 Abs. 1 ZGB
val_005,0,BGE 126 III 219 E. 2,,ZGB;STGB,0,0,-1,0,-1,-1,0,0,not_in_rerank_input,not_in_fused,fixed_top_k,5,0,,0,0,Art. 3 Abs. 1 FamZG;Art. 10 Abs. 3 173.712.22;Art. 30 Abs. 2 BGerR;Art. 23 Abs. 1 ZGB;Art. 328 Abs. 1 ZGB
val_006,1,Art. 1 Abs. 1 OR,OR,OR,1,0,-1,0,-1,-1,0,0,not_in_rerank_input,not_in_fused,fixed_top_k,5,2,Art. 364 Abs. 1 OR;Art. 248 Abs. 1 OR,1,0,Art. 364 Abs. 1 OR;Art. 248 Abs. 1 OR;Art. 90 Abs. 1 OR;Art. 4 Abs. 2 BEG;Art. 58 Abs. 3 EnV;Art. 8a Abs. 1 734.1;Art. 364 Abs. 3 OR
val_006,1,Art. 18 Abs. 1 OR,OR,OR,1,0,-1,0,-1,-1,0,0,not_in_rerank_input,not_in_fused,fixed_top_k,5,2,Art. 364 Abs. 1 OR;Art. 248 Abs. 1 OR,1,0,Art. 364 Abs. 1 OR;Art. 248 Abs. 1 OR;Art. 90 Abs. 1 OR;Art. 4 Abs. 2 BEG;Art. 58 Abs. 3 EnV;Art. 8a Abs. 1 734.1;Art. 364 Abs. 3 OR
val_006,1,Art. 363 OR,OR,OR,1,0,-1,0,-1,-1,0,0,not_in_rerank_input,not_in_fused,fixed_top_k,5,2,Art. 364 Abs. 1 OR;Art. 248 Abs. 1 OR,1,0,Art. 364 Abs. 1 OR;Art. 248 Abs. 1 OR;Art. 90 Abs. 1 OR;Art. 4 Abs. 2 BEG;Art. 58 Abs. 3 EnV;Art. 8a Abs. 1 734.1;Art. 364 Abs. 3 OR
val_006,1,Art. 364 Abs. 1 OR,OR,OR,1,1,1,1,1,16,0,1,kept_final,,fixed_top_k,5,2,Art. 364 Abs. 1 OR;Art. 248 Abs. 1 OR,1,0,Art. 364 Abs. 1 OR;Art. 248 Abs. 1 OR;Art. 90 Abs. 1 OR;Art. 4 Abs. 2 BEG;Art. 58 Abs. 3 EnV;Art. 8a Abs. 1 734.1;Art. 364 Abs. 3 OR
val_006,1,Art. 97 Abs. 1 OR,OR,OR,1,0,-1,0,-1,-1,0,0,not_in_rerank_input,not_in_fused,fixed_top_k,5,2,Art. 364 Abs. 1 OR;Art. 248 Abs. 1 OR,1,0,Art. 364 Abs. 1 OR;Art. 248 Abs. 1 OR;Art. 90 Abs. 1 OR;Art. 4 Abs. 2 BEG;Art. 58 Abs. 3 EnV;Art. 8a Abs. 1 734.1;Art. 364 Abs. 3 OR
val_006,1,Art. 248 Abs. 1 OR,OR,OR,1,1,3,1,3,17,0,1,kept_final,,fixed_top_k,5,2,Art. 364 Abs. 1 OR;Art. 248 Abs. 1 OR,1,0,Art. 364 Abs. 1 OR;Art. 248 Abs. 1 OR;Art. 90 Abs. 1 OR;Art. 4 Abs. 2 BEG;Art. 58 Abs. 3 EnV;Art. 8a Abs. 1 734.1;Art. 364 Abs. 3 OR
val_006,1,Art. 93 Abs. 1 BGG,BGG,OR,0,0,-1,0,-1,-1,0,0,not_in_rerank_input,not_in_fused,fixed_top_k,5,2,Art. 364 Abs. 1 OR;Art. 248 Abs. 1 OR,1,0,Art. 364 Abs. 1 OR;Art. 248 Abs. 1 OR;Art. 90 Abs. 1 OR;Art. 4 Abs. 2 BEG;Art. 58 Abs. 3 EnV;Art. 8a Abs. 1 734.1;Art. 364 Abs. 3 OR
val_006,1,Art. 100 Abs. 1 BGG,BGG,OR,0,0,-1,0,-1,-1,0,0,not_in_rerank_input,not_in_fused,fixed_top_k,5,2,Art. 364 Abs. 1 OR;Art. 248 Abs. 1 OR,1,0,Art. 364 Abs. 1 OR;Art. 248 Abs. 1 OR;Art. 90 Abs. 1 OR;Art. 4 Abs. 2 BEG;Art. 58 Abs. 3 EnV;Art. 8a Abs. 1 734.1;Art. 364 Abs. 3 OR
val_006,1,BGE 128 III 419 E. 2.2,,OR,0,0,-1,0,-1,-1,0,0,not_in_rerank_input,not_in_fused,fixed_top_k,5,2,Art. 364 Abs. 1 OR;Art. 248 Abs. 1 OR,1,0,Art. 364 Abs. 1 OR;Art. 248 Abs. 1 OR;Art. 90 Abs. 1 OR;Art. 4 Abs. 2 BEG;Art. 58 Abs. 3 EnV;Art. 8a Abs. 1 734.1;Art. 364 Abs. 3 OR
val_006,1,BGE 130 III 417 E. 3.2,,OR,0,0,-1,0,-1,-1,0,0,not_in_rerank_input,not_in_fused,fixed_top_k,5,2,Art. 364 Abs. 1 OR;Art. 248 Abs. 1 OR,1,0,Art. 364 Abs. 1 OR;Art. 248 Abs. 1 OR;Art. 90 Abs. 1 OR;Art. 4 Abs. 2 BEG;Art. 58 Abs. 3 EnV;Art. 8a Abs. 1 734.1;Art. 364 Abs. 3 OR
val_006,1,BGE 121 IV 207 E. 2a,,OR,0,0,-1,0,-1,-1,0,0,not_in_rerank_input,not_in_fused,fixed_top_k,5,2,Art. 364 Abs. 1 OR;Art. 248 Abs. 1 OR,1,0,Art. 364 Abs. 1 OR;Art. 248 Abs. 1 OR;Art. 90 Abs. 1 OR;Art. 4 Abs. 2 BEG;Art. 58 Abs. 3 EnV;Art. 8a Abs. 1 734.1;Art. 364 Abs. 3 OR
val_006,1,Art. 398 Abs. 2 OR,OR,OR,1,0,-1,0,-1,-1,0,0,not_in_rerank_input,not_in_fused,fixed_top_k,5,2,Art. 364 Abs. 1 OR;Art. 248 Abs. 1 OR,1,0,Art. 364 Abs. 1 OR;Art. 248 Abs. 1 OR;Art. 90 Abs. 1 OR;Art. 4 Abs. 2 BEG;Art. 58 Abs. 3 EnV;Art. 8a Abs. 1 734.1;Art. 364 Abs. 3 OR
val_006,1,Art. 41 Abs. 1 OR,OR,OR,1,1,11,1,11,18,0,0,cut_by_fixed_top_k,,fixed_top_k,5,2,Art. 364 Abs. 1 OR;Art. 248 Abs. 1 OR,1,0,Art. 364 Abs. 1 OR;Art. 248 Abs. 1 OR;Art. 90 Abs. 1 OR;Art. 4 Abs. 2 BEG;Art. 58 Abs. 3 EnV;Art. 8a Abs. 1 734.1;Art. 364 Abs. 3 OR
val_006,1,Art. 99 Abs. 2 OR,OR,OR,1,0,-1,0,-1,-1,0,0,not_in_rerank_input,not_in_fused,fixed_top_k,5,2,Art. 364 Abs. 1 OR;Art. 248 Abs. 1 OR,1,0,Art. 364 Abs. 1 OR;Art. 248 Abs. 1 OR;Art. 90 Abs. 1 OR;Art. 4 Abs. 2 BEG;Art. 58 Abs. 3 EnV;Art. 8a Abs. 1 734.1;Art. 364 Abs. 3 OR
val_006,1,BGE 137 III 539 E. 4.1,,OR,0,0,-1,0,-1,-1,0,0,not_in_rerank_input,not_in_fused,fixed_top_k,5,2,Art. 364 Abs. 1 OR;Art. 248 Abs. 1 OR,1,0,Art. 364 Abs. 1 OR;Art. 248 Abs. 1 OR;Art. 90 Abs. 1 OR;Art. 4 Abs. 2 BEG;Art. 58 Abs. 3 EnV;Art. 8a Abs. 1 734.1;Art. 364 Abs. 3 OR
val_006,1,BGE 137 III 539 E. 5.1,,OR,0,0,-1,0,-1,-1,0,0,not_in_rerank_input,not_in_fused,fixed_top_k,5,2,Art. 364 Abs. 1 OR;Art. 248 Abs. 1 OR,1,0,Art. 364 Abs. 1 OR;Art. 248 Abs. 1 OR;Art. 90 Abs. 1 OR;Art. 4 Abs. 2 BEG;Art. 58 Abs. 3 EnV;Art. 8a Abs. 1 734.1;Art. 364 Abs. 3 OR
val_006,1,BGE 137 III 539 E. 5.2,,OR,0,0,-1,0,-1,-1,0,0,not_in_rerank_input,not_in_fused,fixed_top_k,5,2,Art. 364 Abs. 1 OR;Art. 248 Abs. 1 OR,1,0,Art. 364 Abs. 1 OR;Art. 248 Abs. 1 OR;Art. 90 Abs. 1 OR;Art. 4 Abs. 2 BEG;Art. 58 Abs. 3 EnV;Art. 8a Abs. 1 734.1;Art. 364 Abs. 3 OR
val_006,1,BGE 129 III 181 E. 3.2,,OR,0,0,-1,0,-1,-1,0,0,not_in_rerank_input,not_in_fused,fixed_top_k,5,2,Art. 364 Abs. 1 OR;Art. 248 Abs. 1 OR,1,0,Art. 364 Abs. 1 OR;Art. 248 Abs. 1 OR;Art. 90 Abs. 1 OR;Art. 4 Abs. 2 BEG;Art. 58 Abs. 3 EnV;Art. 8a Abs. 1 734.1;Art. 364 Abs. 3 OR
val_007,1,Art. 98 Abs. 2 IPRG,IPRG,ZGB;ZPO,0,0,-1,0,-1,-1,0,0,not_in_rerank_input,not_in_fused,fixed_top_k,5,0,,0,0,Art. 10 Abs. 3 631.253.4;Art. 33 Abs. 8 131.224.2;Art. 5 Abs. 2 631.253.4;Art. 10 Abs. 4 631.253.4;Art. 249 ZPO
val_007,1,Art. 100 Abs. 1 IPRG,IPRG,ZGB;ZPO,0,0,-1,0,-1,-1,0,0,not_in_rerank_input,not_in_fused,fixed_top_k,5,0,,0,0,Art. 10 Abs. 3 631.253.4;Art. 33 Abs. 8 131.224.2;Art. 5 Abs. 2 631.253.4;Art. 10 Abs. 4 631.253.4;Art. 249 ZPO
val_007,1,Art. 641 Abs. 2 ZGB,ZGB,ZGB;ZPO,1,0,-1,0,-1,-1,0,0,not_in_rerank_input,not_in_fused,fixed_top_k,5,0,,0,0,Art. 10 Abs. 3 631.253.4;Art. 33 Abs. 8 131.224.2;Art. 5 Abs. 2 631.253.4;Art. 10 Abs. 4 631.253.4;Art. 249 ZPO
val_007,1,Art. 292 StGB,STGB,ZGB;ZPO,0,0,-1,0,-1,-1,0,0,not_in_rerank_input,not_in_fused,fixed_top_k,5,0,,0,0,Art. 10 Abs. 3 631.253.4;Art. 33 Abs. 8 131.224.2;Art. 5 Abs. 2 631.253.4;Art. 10 Abs. 4 631.253.4;Art. 249 ZPO
val_007,1,Art. 197 Abs. 1 ZGB,ZGB,ZGB;ZPO,1,0,-1,0,-1,-1,0,0,not_in_rerank_input,not_in_fused,fixed_top_k,5,0,,0,0,Art. 10 Abs. 3 631.253.4;Art. 33 Abs. 8 131.224.2;Art. 5 Abs. 2 631.253.4;Art. 10 Abs. 4 631.253.4;Art. 249 ZPO
val_007,1,Art. 3 Abs. 2 ZGB,ZGB,ZGB;ZPO,1,0,-1,0,-1,-1,0,0,not_in_rerank_input,not_in_fused,fixed_top_k,5,0,,0,0,Art. 10 Abs. 3 631.253.4;Art. 33 Abs. 8 131.224.2;Art. 5 Abs. 2 631.253.4;Art. 10 Abs. 4 631.253.4;Art. 249 ZPO
val_007,1,Art. 933 ZGB,ZGB,ZGB;ZPO,1,0,-1,0,-1,-1,0,0,not_in_rerank_input,not_in_fused,fixed_top_k,5,0,,0,0,Art. 10 Abs. 3 631.253.4;Art. 33 Abs. 8 131.224.2;Art. 5 Abs. 2 631.253.4;Art. 10 Abs. 4 631.253.4;Art. 249 ZPO
val_007,1,Art. 940 Abs. 1 ZGB,ZGB,ZGB;ZPO,1,0,-1,0,-1,-1,0,0,not_in_rerank_input,not_in_fused,fixed_top_k,5,0,,0,0,Art. 10 Abs. 3 631.253.4;Art. 33 Abs. 8 131.224.2;Art. 5 Abs. 2 631.253.4;Art. 10 Abs. 4 631.253.4;Art. 249 ZPO
val_007,1,Art. 934 Abs. 1 ZGB,ZGB,ZGB;ZPO,1,1,33,1,33,35,0,0,reranked_too_low,cut_by_fixed_top_k;lost_to_wrong_family_candidate,fixed_top_k,5,0,,0,0,Art. 10 Abs. 3 631.253.4;Art. 33 Abs. 8 131.224.2;Art. 5 Abs. 2 631.253.4;Art. 10 Abs. 4 631.253.4;Art. 249 ZPO
val_007,1,Art. 934 Abs. 1bis ZGB,ZGB,ZGB;ZPO,1,1,35,1,35,37,0,0,reranked_too_low,cut_by_fixed_top_k;lost_to_wrong_family_candidate,fixed_top_k,5,0,,0,0,Art. 10 Abs. 3 631.253.4;Art. 33 Abs. 8 131.224.2;Art. 5 Abs. 2 631.253.4;Art. 10 Abs. 4 631.253.4;Art. 249 ZPO
val_007,1,Art. 934 Abs. 2 ZGB,ZGB,ZGB;ZPO,1,1,37,1,37,38,0,0,reranked_too_low,cut_by_fixed_top_k;lost_to_wrong_family_candidate,fixed_top_k,5,0,,0,0,Art. 10 Abs. 3 631.253.4;Art. 33 Abs. 8 131.224.2;Art. 5 Abs. 2 631.253.4;Art. 10 Abs. 4 631.253.4;Art. 249 ZPO
val_007,1,Art. 8 ZGB,ZGB,ZGB;ZPO,1,1,73,1,73,13,0,0,cut_by_fixed_top_k,lost_to_wrong_family_candidate,fixed_top_k,5,0,,0,0,Art. 10 Abs. 3 631.253.4;Art. 33 Abs. 8 131.224.2;Art. 5 Abs. 2 631.253.4;Art. 10 Abs. 4 631.253.4;Art. 249 ZPO
val_007,1,Art. 245 Abs. 2 OR,OR,ZGB;ZPO,0,0,-1,0,-1,-1,0,0,not_in_rerank_input,not_in_fused,fixed_top_k,5,0,,0,0,Art. 10 Abs. 3 631.253.4;Art. 33 Abs. 8 131.224.2;Art. 5 Abs. 2 631.253.4;Art. 10 Abs. 4 631.253.4;Art. 249 ZPO
val_007,1,Art. 15 OR,OR,ZGB;ZPO,0,0,-1,0,-1,-1,0,0,not_in_rerank_input,not_in_fused,fixed_top_k,5,0,,0,0,Art. 10 Abs. 3 631.253.4;Art. 33 Abs. 8 131.224.2;Art. 5 Abs. 2 631.253.4;Art. 10 Abs. 4 631.253.4;Art. 249 ZPO
val_007,1,Art. 16 ZGB,ZGB,ZGB;ZPO,1,1,85,1,85,146,0,0,reranked_too_low,cut_by_fixed_top_k;lost_to_wrong_family_candidate,fixed_top_k,5,0,,0,0,Art. 10 Abs. 3 631.253.4;Art. 33 Abs. 8 131.224.2;Art. 5 Abs. 2 631.253.4;Art. 10 Abs. 4 631.253.4;Art. 249 ZPO
val_007,1,BGE 139 III 305 E. 5,,ZGB;ZPO,0,0,-1,0,-1,-1,0,0,not_in_rerank_input,not_in_fused,fixed_top_k,5,0,,0,0,Art. 10 Abs. 3 631.253.4;Art. 33 Abs. 8 131.224.2;Art. 5 Abs. 2 631.253.4;Art. 10 Abs. 4 631.253.4;Art. 249 ZPO
val_007,1,BGE 132 III 155 E. 4,,ZGB;ZPO,0,0,-1,0,-1,-1,0,0,not_in_rerank_input,not_in_fused,fixed_top_k,5,0,,0,0,Art. 10 Abs. 3 631.253.4;Art. 33 Abs. 8 131.224.2;Art. 5 Abs. 2 631.253.4;Art. 10 Abs. 4 631.253.4;Art. 249 ZPO
val_007,1,BGE 144 III 264 E. 5.1,,ZGB;ZPO,0,0,-1,0,-1,-1,0,0,not_in_rerank_input,not_in_fused,fixed_top_k,5,0,,0,0,Art. 10 Abs. 3 631.253.4;Art. 33 Abs. 8 131.224.2;Art. 5 Abs. 2 631.253.4;Art. 10 Abs. 4 631.253.4;Art. 249 ZPO
val_007,1,BGE 141 III 433 E. 2.5.1,,ZGB;ZPO,0,0,-1,0,-1,-1,0,0,not_in_rerank_input,not_in_fused,fixed_top_k,5,0,,0,0,Art. 10 Abs. 3 631.253.4;Art. 33 Abs. 8 131.224.2;Art. 5 Abs. 2 631.253.4;Art. 10 Abs. 4 631.253.4;Art. 249 ZPO
val_008,0,Art. 107 Abs. 2 BGG,BGG,STGB;OR,0,0,-1,0,-1,-1,0,0,not_in_rerank_input,not_in_fused,fixed_top_k,5,0,,0,0,Art. 67 Abs. 4bis StGB;Art. 10 Abs. 3 173.712.22;Art. 1 Abs. 2 BStGerNR;Art. 4 Abs. 1 611.015.3;Art. 20 BEG
val_008,0,Art. 333 Abs. 1 StGB,STGB,STGB;OR,1,0,-1,0,-1,-1,0,0,not_in_rerank_input,not_in_fused,fixed_top_k,5,0,,0,0,Art. 67 Abs. 4bis StGB;Art. 10 Abs. 3 173.712.22;Art. 1 Abs. 2 BStGerNR;Art. 4 Abs. 1 611.015.3;Art. 20 BEG
val_008,0,Art. 333 Abs. 1 StPO,STPO,STGB;OR,0,0,-1,0,-1,-1,0,0,not_in_rerank_input,not_in_fused,fixed_top_k,5,0,,0,0,Art. 67 Abs. 4bis StGB;Art. 10 Abs. 3 173.712.22;Art. 1 Abs. 2 BStGerNR;Art. 4 Abs. 1 611.015.3;Art. 20 BEG
val_008,0,Art. 314 StGB,STGB,STGB;OR,1,1,1,1,1,133,0,0,reranked_too_low,cut_by_fixed_top_k,fixed_top_k,5,0,,0,0,Art. 67 Abs. 4bis StGB;Art. 10 Abs. 3 173.712.22;Art. 1 Abs. 2 BStGerNR;Art. 4 Abs. 1 611.015.3;Art. 20 BEG
val_008,0,Art. 428 Abs. 1 StPO,STPO,STGB;OR,0,0,-1,0,-1,-1,0,0,not_in_rerank_input,not_in_fused,fixed_top_k,5,0,,0,0,Art. 67 Abs. 4bis StGB;Art. 10 Abs. 3 173.712.22;Art. 1 Abs. 2 BStGerNR;Art. 4 Abs. 1 611.015.3;Art. 20 BEG
val_008,0,Art. 429 Abs. 1 StPO,STPO,STGB;OR,0,0,-1,0,-1,-1,0,0,not_in_rerank_input,not_in_fused,fixed_top_k,5,0,,0,0,Art. 67 Abs. 4bis StGB;Art. 10 Abs. 3 173.712.22;Art. 1 Abs. 2 BStGerNR;Art. 4 Abs. 1 611.015.3;Art. 20 BEG
val_008,0,Art. 436 Abs. 1 StPO,STPO,STGB;OR,0,0,-1,0,-1,-1,0,0,not_in_rerank_input,not_in_fused,fixed_top_k,5,0,,0,0,Art. 67 Abs. 4bis StGB;Art. 10 Abs. 3 173.712.22;Art. 1 Abs. 2 BStGerNR;Art. 4 Abs. 1 611.015.3;Art. 20 BEG
val_008,0,Art. 436 Abs. 2 StPO,STPO,STGB;OR,0,0,-1,0,-1,-1,0,0,not_in_rerank_input,not_in_fused,fixed_top_k,5,0,,0,0,Art. 67 Abs. 4bis StGB;Art. 10 Abs. 3 173.712.22;Art. 1 Abs. 2 BStGerNR;Art. 4 Abs. 1 611.015.3;Art. 20 BEG
val_008,0,Art. 42 Abs. 1 StGB,STGB,STGB;OR,1,0,-1,0,-1,-1,0,0,not_in_rerank_input,not_in_fused,fixed_top_k,5,0,,0,0,Art. 67 Abs. 4bis StGB;Art. 10 Abs. 3 173.712.22;Art. 1 Abs. 2 BStGerNR;Art. 4 Abs. 1 611.015.3;Art. 20 BEG
val_008,0,Art. 44 Abs. 1 StGB,STGB,STGB;OR,1,0,-1,0,-1,-1,0,0,not_in_rerank_input,not_in_fused,fixed_top_k,5,0,,0,0,Art. 67 Abs. 4bis StGB;Art. 10 Abs. 3 173.712.22;Art. 1 Abs. 2 BStGerNR;Art. 4 Abs. 1 611.015.3;Art. 20 BEG
val_008,0,Art. 49 Abs. 2 StGB,STGB,STGB;OR,1,0,-1,0,-1,-1,0,0,not_in_rerank_input,not_in_fused,fixed_top_k,5,0,,0,0,Art. 67 Abs. 4bis StGB;Art. 10 Abs. 3 173.712.22;Art. 1 Abs. 2 BStGerNR;Art. 4 Abs. 1 611.015.3;Art. 20 BEG
val_008,0,Art. 50 StGB,STGB,STGB;OR,1,0,-1,0,-1,-1,0,0,not_in_rerank_input,not_in_fused,fixed_top_k,5,0,,0,0,Art. 67 Abs. 4bis StGB;Art. 10 Abs. 3 173.712.22;Art. 1 Abs. 2 BStGerNR;Art. 4 Abs. 1 611.015.3;Art. 20 BEG
val_008,0,Art. 100 Abs. 1 BGG,BGG,STGB;OR,0,0,-1,0,-1,-1,0,0,not_in_rerank_input,not_in_fused,fixed_top_k,5,0,,0,0,Art. 67 Abs. 4bis StGB;Art. 10 Abs. 3 173.712.22;Art. 1 Abs. 2 BStGerNR;Art. 4 Abs. 1 611.015.3;Art. 20 BEG
val_008,0,BGE 131 III 91 E. 5.2,,STGB;OR,0,0,-1,0,-1,-1,0,0,not_in_rerank_input,not_in_fused,fixed_top_k,5,0,,0,0,Art. 67 Abs. 4bis StGB;Art. 10 Abs. 3 173.712.22;Art. 1 Abs. 2 BStGerNR;Art. 4 Abs. 1 611.015.3;Art. 20 BEG
val_008,0,6B_1233/2016 E. 1,,STGB;OR,0,0,-1,0,-1,-1,0,0,not_in_rerank_input,not_in_fused,fixed_top_k,5,0,,0,0,Art. 67 Abs. 4bis StGB;Art. 10 Abs. 3 173.712.22;Art. 1 Abs. 2 BStGerNR;Art. 4 Abs. 1 611.015.3;Art. 20 BEG
val_008,0,BGE 135 III 334 E. 2,,STGB;OR,0,0,-1,0,-1,-1,0,0,not_in_rerank_input,not_in_fused,fixed_top_k,5,0,,0,0,Art. 67 Abs. 4bis StGB;Art. 10 Abs. 3 173.712.22;Art. 1 Abs. 2 BStGerNR;Art. 4 Abs. 1 611.015.3;Art. 20 BEG
val_008,0,6B_904/2020 E. 1.1,,STGB;OR,0,0,-1,0,-1,-1,0,0,not_in_rerank_input,not_in_fused,fixed_top_k,5,0,,0,0,Art. 67 Abs. 4bis StGB;Art. 10 Abs. 3 173.712.22;Art. 1 Abs. 2 BStGerNR;Art. 4 Abs. 1 611.015.3;Art. 20 BEG
val_008,0,BGE 149 IV 42 E. 3.5,,STGB;OR,0,0,-1,0,-1,-1,0,0,not_in_rerank_input,not_in_fused,fixed_top_k,5,0,,0,0,Art. 67 Abs. 4bis StGB;Art. 10 Abs. 3 173.712.22;Art. 1 Abs. 2 BStGerNR;Art. 4 Abs. 1 611.015.3;Art. 20 BEG
val_008,0,Art. 110 Abs. 3 StGB,STGB,STGB;OR,1,0,-1,0,-1,-1,0,0,not_in_rerank_input,not_in_fused,fixed_top_k,5,0,,0,0,Art. 67 Abs. 4bis StGB;Art. 10 Abs. 3 173.712.22;Art. 1 Abs. 2 BStGerNR;Art. 4 Abs. 1 611.015.3;Art. 20 BEG
val_008,0,Art. 12 Abs. 1 StGB,STGB,STGB;OR,1,0,-1,0,-1,-1,0,0,not_in_rerank_input,not_in_fused,fixed_top_k,5,0,,0,0,Art. 67 Abs. 4bis StGB;Art. 10 Abs. 3 173.712.22;Art. 1 Abs. 2 BStGerNR;Art. 4 Abs. 1 611.015.3;Art. 20 BEG
val_008,0,Art. 25 StGB,STGB,STGB;OR,1,0,-1,0,-1,-1,0,0,not_in_rerank_input,not_in_fused,fixed_top_k,5,0,,0,0,Art. 67 Abs. 4bis StGB;Art. 10 Abs. 3 173.712.22;Art. 1 Abs. 2 BStGerNR;Art. 4 Abs. 1 611.015.3;Art. 20 BEG
val_008,0,Art. 26 StGB,STGB,STGB;OR,1,0,-1,0,-1,-1,0,0,not_in_rerank_input,not_in_fused,fixed_top_k,5,0,,0,0,Art. 67 Abs. 4bis StGB;Art. 10 Abs. 3 173.712.22;Art. 1 Abs. 2 BStGerNR;Art. 4 Abs. 1 611.015.3;Art. 20 BEG
val_008,0,Art. 29 Abs. 2 BV,BV,STGB;OR,0,0,-1,0,-1,-1,0,0,not_in_rerank_input,not_in_fused,fixed_top_k,5,0,,0,0,Art. 67 Abs. 4bis StGB;Art. 10 Abs. 3 173.712.22;Art. 1 Abs. 2 BStGerNR;Art. 4 Abs. 1 611.015.3;Art. 20 BEG
val_008,0,Art. 32 Abs. 2 BV,BV,STGB;OR,0,0,-1,0,-1,-1,0,0,not_in_rerank_input,not_in_fused,fixed_top_k,5,0,,0,0,Art. 67 Abs. 4bis StGB;Art. 10 Abs. 3 173.712.22;Art. 1 Abs. 2 BStGerNR;Art. 4 Abs. 1 611.015.3;Art. 20 BEG
val_008,0,Art. 9 Abs. 1 StPO,STPO,STGB;OR,0,0,-1,0,-1,-1,0,0,not_in_rerank_input,not_in_fused,fixed_top_k,5,0,,0,0,Art. 67 Abs. 4bis StGB;Art. 10 Abs. 3 173.712.22;Art. 1 Abs. 2 BStGerNR;Art. 4 Abs. 1 611.015.3;Art. 20 BEG
val_008,0,6B_128/2014 E. 5.2.2,,STGB;OR,0,0,-1,0,-1,-1,0,0,not_in_rerank_input,not_in_fused,fixed_top_k,5,0,,0,0,Art. 67 Abs. 4bis StGB;Art. 10 Abs. 3 173.712.22;Art. 1 Abs. 2 BStGerNR;Art. 4 Abs. 1 611.015.3;Art. 20 BEG
val_008,0,6B_1110/2014 E. 2.3,,STGB;OR,0,0,-1,0,-1,-1,0,0,not_in_rerank_input,not_in_fused,fixed_top_k,5,0,,0,0,Art. 67 Abs. 4bis StGB;Art. 10 Abs. 3 173.712.22;Art. 1 Abs. 2 BStGerNR;Art. 4 Abs. 1 611.015.3;Art. 20 BEG
val_008,0,BGE 143 IV 63 E. 2.2,,STGB;OR,0,0,-1,0,-1,-1,0,0,not_in_rerank_input,not_in_fused,fixed_top_k,5,0,,0,0,Art. 67 Abs. 4bis StGB;Art. 10 Abs. 3 173.712.22;Art. 1 Abs. 2 BStGerNR;Art. 4 Abs. 1 611.015.3;Art. 20 BEG
val_008,0,BGE 141 IV 132 E. 3.4.1,,STGB;OR,0,0,-1,0,-1,-1,0,0,not_in_rerank_input,not_in_fused,fixed_top_k,5,0,,0,0,Art. 67 Abs. 4bis StGB;Art. 10 Abs. 3 173.712.22;Art. 1 Abs. 2 BStGerNR;Art. 4 Abs. 1 611.015.3;Art. 20 BEG
val_009,0,Art. 308 Abs. 1 ZGB,ZGB,SCHKG;ZGB,1,0,-1,0,-1,-1,0,0,not_in_rerank_input,not_in_fused,fixed_top_k,5,0,,0,0,Art. 11 Abs. 1 ELG;Art. 7 Abs. 1 FamZG;Art. 4 Abs. 1 FamZG;Art. 64 Abs. 1 SchKG;Art. 67 Abs. 1 SchKG
val_009,0,Art. 129 Abs. 3 ZGB,ZGB,SCHKG;ZGB,1,0,-1,0,-1,-1,0,0,not_in_rerank_input,not_in_fused,fixed_top_k,5,0,,0,0,Art. 11 Abs. 1 ELG;Art. 7 Abs. 1 FamZG;Art. 4 Abs. 1 FamZG;Art. 64 Abs. 1 SchKG;Art. 67 Abs. 1 SchKG
val_009,0,Art. 285 Abs. 1 ZGB,ZGB,SCHKG;ZGB,1,0,-1,0,-1,-1,0,0,not_in_rerank_input,not_in_fused,fixed_top_k,5,0,,0,0,Art. 11 Abs. 1 ELG;Art. 7 Abs. 1 FamZG;Art. 4 Abs. 1 FamZG;Art. 64 Abs. 1 SchKG;Art. 67 Abs. 1 SchKG
val_009,0,Art. 277 Abs. 2 ZGB,ZGB,SCHKG;ZGB,1,0,-1,0,-1,-1,0,0,not_in_rerank_input,not_in_fused,fixed_top_k,5,0,,0,0,Art. 11 Abs. 1 ELG;Art. 7 Abs. 1 FamZG;Art. 4 Abs. 1 FamZG;Art. 64 Abs. 1 SchKG;Art. 67 Abs. 1 SchKG
val_009,0,Art. 288 Abs. 1 ZGB,ZGB,SCHKG;ZGB,1,0,-1,0,-1,-1,0,0,not_in_rerank_input,not_in_fused,fixed_top_k,5,0,,0,0,Art. 11 Abs. 1 ELG;Art. 7 Abs. 1 FamZG;Art. 4 Abs. 1 FamZG;Art. 64 Abs. 1 SchKG;Art. 67 Abs. 1 SchKG
val_009,0,Art. 291 ZGB,ZGB,SCHKG;ZGB,1,0,-1,0,-1,-1,0,0,not_in_rerank_input,not_in_fused,fixed_top_k,5,0,,0,0,Art. 11 Abs. 1 ELG;Art. 7 Abs. 1 FamZG;Art. 4 Abs. 1 FamZG;Art. 64 Abs. 1 SchKG;Art. 67 Abs. 1 SchKG
val_009,0,Art. 292 ZGB,ZGB,SCHKG;ZGB,1,1,1,1,1,116,0,0,reranked_too_low,cut_by_fixed_top_k;lost_to_wrong_family_candidate,fixed_top_k,5,0,,0,0,Art. 11 Abs. 1 ELG;Art. 7 Abs. 1 FamZG;Art. 4 Abs. 1 FamZG;Art. 64 Abs. 1 SchKG;Art. 67 Abs. 1 SchKG
val_009,0,Art. 100 Abs. 1 BGG,BGG,SCHKG;ZGB,0,0,-1,0,-1,-1,0,0,not_in_rerank_input,not_in_fused,fixed_top_k,5,0,,0,0,Art. 11 Abs. 1 ELG;Art. 7 Abs. 1 FamZG;Art. 4 Abs. 1 FamZG;Art. 64 Abs. 1 SchKG;Art. 67 Abs. 1 SchKG
val_009,0,Art. 277 Abs. 1 ZGB,ZGB,SCHKG;ZGB,1,0,-1,0,-1,-1,0,0,not_in_rerank_input,not_in_fused,fixed_top_k,5,0,,0,0,Art. 11 Abs. 1 ELG;Art. 7 Abs. 1 FamZG;Art. 4 Abs. 1 FamZG;Art. 64 Abs. 1 SchKG;Art. 67 Abs. 1 SchKG
val_009,0,Art. 286 Abs. 1 ZGB,ZGB,SCHKG;ZGB,1,0,-1,0,-1,-1,0,0,not_in_rerank_input,not_in_fused,fixed_top_k,5,0,,0,0,Art. 11 Abs. 1 ELG;Art. 7 Abs. 1 FamZG;Art. 4 Abs. 1 FamZG;Art. 64 Abs. 1 SchKG;Art. 67 Abs. 1 SchKG
val_009,0,Art. 286 Abs. 2 ZGB,ZGB,SCHKG;ZGB,1,0,-1,0,-1,-1,0,0,not_in_rerank_input,not_in_fused,fixed_top_k,5,0,,0,0,Art. 11 Abs. 1 ELG;Art. 7 Abs. 1 FamZG;Art. 4 Abs. 1 FamZG;Art. 64 Abs. 1 SchKG;Art. 67 Abs. 1 SchKG
val_009,0,5A_561/2020 E. 5.1.1,,SCHKG;ZGB,0,0,-1,0,-1,-1,0,0,not_in_rerank_input,not_in_fused,fixed_top_k,5,0,,0,0,Art. 11 Abs. 1 ELG;Art. 7 Abs. 1 FamZG;Art. 4 Abs. 1 FamZG;Art. 64 Abs. 1 SchKG;Art. 67 Abs. 1 SchKG
val_009,0,5A_954/2015 E. 3.3,,SCHKG;ZGB,0,0,-1,0,-1,-1,0,0,not_in_rerank_input,not_in_fused,fixed_top_k,5,0,,0,0,Art. 11 Abs. 1 ELG;Art. 7 Abs. 1 FamZG;Art. 4 Abs. 1 FamZG;Art. 64 Abs. 1 SchKG;Art. 67 Abs. 1 SchKG
val_009,0,BGE 137 III 193 E. 2.1,,SCHKG;ZGB,0,0,-1,0,-1,-1,0,0,not_in_rerank_input,not_in_fused,fixed_top_k,5,0,,0,0,Art. 11 Abs. 1 ELG;Art. 7 Abs. 1 FamZG;Art. 4 Abs. 1 FamZG;Art. 64 Abs. 1 SchKG;Art. 67 Abs. 1 SchKG
val_010,0,Art. 405 Abs. 1 ZPO,ZPO,OR;ZPO,1,0,-1,0,-1,-1,0,0,not_in_rerank_input,not_in_fused,fixed_top_k,5,0,,0,0,Art. 2 412.106.12;Art. 8 Abs. 1 BetmPV;Art. 28 Abs. 2 VFSD;Art. 3 Abs. 1 221.434;Art. 11 Abs. 2 414.134.1
val_010,0,Art. 300 ZPO,ZPO,OR;ZPO,1,0,-1,0,-1,-1,0,0,not_in_rerank_input,not_in_fused,fixed_top_k,5,0,,0,0,Art. 2 412.106.12;Art. 8 Abs. 1 BetmPV;Art. 28 Abs. 2 VFSD;Art. 3 Abs. 1 221.434;Art. 11 Abs. 2 414.134.1
val_010,0,Art. 397 Abs. 1 OR,OR,OR;ZPO,1,1,15,1,15,212,0,0,reranked_too_low,cut_by_fixed_top_k,fixed_top_k,5,0,,0,0,Art. 2 412.106.12;Art. 8 Abs. 1 BetmPV;Art. 28 Abs. 2 VFSD;Art. 3 Abs. 1 221.434;Art. 11 Abs. 2 414.134.1
val_010,0,Art. 100 Abs. 1 OR,OR,OR;ZPO,1,1,1,1,1,208,0,0,reranked_too_low,cut_by_fixed_top_k,fixed_top_k,5,0,,0,0,Art. 2 412.106.12;Art. 8 Abs. 1 BetmPV;Art. 28 Abs. 2 VFSD;Art. 3 Abs. 1 221.434;Art. 11 Abs. 2 414.134.1
val_010,0,Art. 100 Abs. 2 OR,OR,OR;ZPO,1,1,38,1,38,222,0,0,reranked_too_low,cut_by_fixed_top_k,fixed_top_k,5,0,,0,0,Art. 2 412.106.12;Art. 8 Abs. 1 BetmPV;Art. 28 Abs. 2 VFSD;Art. 3 Abs. 1 221.434;Art. 11 Abs. 2 414.134.1
val_010,0,Art. 101 Abs. 3 OR,OR,OR;ZPO,1,0,-1,0,-1,-1,0,0,not_in_rerank_input,not_in_fused,fixed_top_k,5,0,,0,0,Art. 2 412.106.12;Art. 8 Abs. 1 BetmPV;Art. 28 Abs. 2 VFSD;Art. 3 Abs. 1 221.434;Art. 11 Abs. 2 414.134.1
val_010,0,Art. 4 ZGB,ZGB,OR;ZPO,0,0,-1,0,-1,-1,0,0,not_in_rerank_input,not_in_fused,fixed_top_k,5,0,,0,0,Art. 2 412.106.12;Art. 8 Abs. 1 BetmPV;Art. 28 Abs. 2 VFSD;Art. 3 Abs. 1 221.434;Art. 11 Abs. 2 414.134.1
val_010,0,Art. 2 Abs. 2 ZGB,ZGB,OR;ZPO,0,0,-1,0,-1,-1,0,0,not_in_rerank_input,not_in_fused,fixed_top_k,5,0,,0,0,Art. 2 412.106.12;Art. 8 Abs. 1 BetmPV;Art. 28 Abs. 2 VFSD;Art. 3 Abs. 1 221.434;Art. 11 Abs. 2 414.134.1
val_010,0,Art. 84 Abs. 1 OR,OR,OR;ZPO,1,1,9,1,9,112,0,0,reranked_too_low,cut_by_fixed_top_k,fixed_top_k,5,0,,0,0,Art. 2 412.106.12;Art. 8 Abs. 1 BetmPV;Art. 28 Abs. 2 VFSD;Art. 3 Abs. 1 221.434;Art. 11 Abs. 2 414.134.1
val_010,0,Art. 84 Abs. 2 OR,OR,OR;ZPO,1,0,-1,0,-1,-1,0,0,not_in_rerank_input,not_in_fused,fixed_top_k,5,0,,0,0,Art. 2 412.106.12;Art. 8 Abs. 1 BetmPV;Art. 28 Abs. 2 VFSD;Art. 3 Abs. 1 221.434;Art. 11 Abs. 2 414.134.1
val_010,0,Art. 67 Abs. 1 SchKG,SCHKG,OR;ZPO,0,0,-1,0,-1,-1,0,0,not_in_rerank_input,not_in_fused,fixed_top_k,5,0,,0,0,Art. 2 412.106.12;Art. 8 Abs. 1 BetmPV;Art. 28 Abs. 2 VFSD;Art. 3 Abs. 1 221.434;Art. 11 Abs. 2 414.134.1
val_010,0,Art. 100 Abs. 1 BGG,BGG,OR;ZPO,0,0,-1,0,-1,-1,0,0,not_in_rerank_input,not_in_fused,fixed_top_k,5,0,,0,0,Art. 2 412.106.12;Art. 8 Abs. 1 BetmPV;Art. 28 Abs. 2 VFSD;Art. 3 Abs. 1 221.434;Art. 11 Abs. 2 414.134.1
val_010,0,Art. 176 Abs. 1 ZPO,ZPO,OR;ZPO,1,0,-1,0,-1,-1,0,0,not_in_rerank_input,not_in_fused,fixed_top_k,5,0,,0,0,Art. 2 412.106.12;Art. 8 Abs. 1 BetmPV;Art. 28 Abs. 2 VFSD;Art. 3 Abs. 1 221.434;Art. 11 Abs. 2 414.134.1
val_010,0,Art. 181 Abs. 3 ZPO,ZPO,OR;ZPO,1,0,-1,0,-1,-1,0,0,not_in_rerank_input,not_in_fused,fixed_top_k,5,0,,0,0,Art. 2 412.106.12;Art. 8 Abs. 1 BetmPV;Art. 28 Abs. 2 VFSD;Art. 3 Abs. 1 221.434;Art. 11 Abs. 2 414.134.1
val_010,0,BGE 132 III 449 E. 2,,OR;ZPO,0,0,-1,0,-1,-1,0,0,not_in_rerank_input,not_in_fused,fixed_top_k,5,0,,0,0,Art. 2 412.106.12;Art. 8 Abs. 1 BetmPV;Art. 28 Abs. 2 VFSD;Art. 3 Abs. 1 221.434;Art. 11 Abs. 2 414.134.1
val_010,0,BGE 128 III 76 E. 1b,,OR;ZPO,0,0,-1,0,-1,-1,0,0,not_in_rerank_input,not_in_fused,fixed_top_k,5,0,,0,0,Art. 2 412.106.12;Art. 8 Abs. 1 BetmPV;Art. 28 Abs. 2 VFSD;Art. 3 Abs. 1 221.434;Art. 11 Abs. 2 414.134.1
val_010,0,BGE 127 III 147 E. 2c,,OR;ZPO,0,0,-1,0,-1,-1,0,0,not_in_rerank_input,not_in_fused,fixed_top_k,5,0,,0,0,Art. 2 412.106.12;Art. 8 Abs. 1 BetmPV;Art. 28 Abs. 2 VFSD;Art. 3 Abs. 1 221.434;Art. 11 Abs. 2 414.134.1
val_010,0,BGE 134 III 151 E. 2.4,,OR;ZPO,0,0,-1,0,-1,-1,0,0,not_in_rerank_input,not_in_fused,fixed_top_k,5,0,,0,0,Art. 2 412.106.12;Art. 8 Abs. 1 BetmPV;Art. 28 Abs. 2 VFSD;Art. 3 Abs. 1 221.434;Art. 11 Abs. 2 414.134.1
val_010,0,BGE 134 III 151 E. 2.5,,OR;ZPO,0,0,-1,0,-1,-1,0,0,not_in_rerank_input,not_in_fused,fixed_top_k,5,0,,0,0,Art. 2 412.106.12;Art. 8 Abs. 1 BetmPV;Art. 28 Abs. 2 VFSD;Art. 3 Abs. 1 221.434;Art. 11 Abs. 2 414.134.1
val_010,0,BGE 146 III 326 E. 5.2,,OR;ZPO,0,0,-1,0,-1,-1,0,0,not_in_rerank_input,not_in_fused,fixed_top_k,5,0,,0,0,Art. 2 412.106.12;Art. 8 Abs. 1 BetmPV;Art. 28 Abs. 2 VFSD;Art. 3 Abs. 1 221.434;Art. 11 Abs. 2 414.134.1
val_010,0,BGE 146 III 326 E. 6.1,,OR;ZPO,0,0,-1,0,-1,-1,0,0,not_in_rerank_input,not_in_fused,fixed_top_k,5,0,,0,0,Art. 2 412.106.12;Art. 8 Abs. 1 BetmPV;Art. 28 Abs. 2 VFSD;Art. 3 Abs. 1 221.434;Art. 11 Abs. 2 414.134.1
val_010,0,4A_379/2016 E. 3.3.1,,OR;ZPO,0,0,-1,0,-1,-1,0,0,not_in_rerank_input,not_in_fused,fixed_top_k,5,0,,0,0,Art. 2 412.106.12;Art. 8 Abs. 1 BetmPV;Art. 28 Abs. 2 VFSD;Art. 3 Abs. 1 221.434;Art. 11 Abs. 2 414.134.1
val_010,0,4A_42/2015 E. 5.5,,OR;ZPO,0,0,-1,0,-1,-1,0,0,not_in_rerank_input,not_in_fused,fixed_top_k,5,0,,0,0,Art. 2 412.106.12;Art. 8 Abs. 1 BetmPV;Art. 28 Abs. 2 VFSD;Art. 3 Abs. 1 221.434;Art. 11 Abs. 2 414.134.1
val_010,0,4A_42/2015 E. 6.3,,OR;ZPO,0,0,-1,0,-1,-1,0,0,not_in_rerank_input,not_in_fused,fixed_top_k,5,0,,0,0,Art. 2 412.106.12;Art. 8 Abs. 1 BetmPV;Art. 28 Abs. 2 VFSD;Art. 3 Abs. 1 221.434;Art. 11 Abs. 2 414.134.1
val_010,0,4A_42/2015 E. 6.6,,OR;ZPO,0,0,-1,0,-1,-1,0,0,not_in_rerank_input,not_in_fused,fixed_top_k,5,0,,0,0,Art. 2 412.106.12;Art. 8 Abs. 1 BetmPV;Art. 28 Abs. 2 VFSD;Art. 3 Abs. 1 221.434;Art. 11 Abs. 2 414.134.1
